2417 solved in 0.07822251319885254 seconds
2411 solved in 0.466442346572876 seconds
2425 unsolved in 1.763235092163086 seconds
2409 solved in 2.161707639694214 seconds
2427 solved in 2.848573923110962 seconds
Exception ignored in: <function WeakSet.__init__.<locals>._remove at 0x727e52be2980>
Traceback (most recent call last):
  File "/u/henryb/miniconda3/lib/python3.12/_weakrefset.py", line 39, in _remove
    def _remove(item, selfref=ref(self)):

stopit.utils.TimeoutException: 
2455 solved in 0.3567323684692383 seconds
Exception ignored in: <function WeakSet.__init__.<locals>._remove at 0x78c03ce3a980>
Traceback (most recent call last):
  File "/u/henryb/miniconda3/lib/python3.12/_weakrefset.py", line 39, in _remove
    def _remove(item, selfref=ref(self)):

stopit.utils.TimeoutException: 
Exception ignored in: <function WeakSet.__init__.<locals>._remove at 0x78d040816980>
Traceback (most recent call last):
  File "/u/henryb/miniconda3/lib/python3.12/_weakrefset.py", line 39, in _remove
    def _remove(item, selfref=ref(self)):

stopit.utils.TimeoutException: 
2423 solved in 3.457231283187866 seconds
2447 solved in 2.708048105239868 seconds
2439 solved in 0.7299206256866455 seconds
2401 solved in 4.382709503173828 seconds
2430 solved in 4.805679798126221 seconds
2422 solved in 5.1041154861450195 seconds
2469 solved in 0.8077383041381836 seconds
2477 solved in 1.4469859600067139 seconds
2421 solved in 6.238533020019531 seconds
2424 solved in 6.616563558578491 seconds
2414 solved in 6.5916547775268555 seconds
Exception ignored in: <function WeakSet.__init__.<locals>._remove at 0x770c46c3a980>
Traceback (most recent call last):
  File "/u/henryb/miniconda3/lib/python3.12/_weakrefset.py", line 39, in _remove
    def _remove(item, selfref=ref(self)):

stopit.utils.TimeoutException: 
2410 unsolved in 7.436535358428955 seconds
2412 solved in 7.306583881378174 seconds
2457 solved in 4.41217565536499 seconds
Exception ignored in: <function WeakSet.__init__.<locals>._remove at 0x796cec2b6980>
Traceback (most recent call last):
  File "/u/henryb/miniconda3/lib/python3.12/_weakrefset.py", line 39, in _remove
    def _remove(item, selfref=ref(self)):

stopit.utils.TimeoutException: 
2499 solved in 2.064692735671997 seconds
2485 solved in 4.3999857902526855 seconds
Exception ignored in: <function WeakSet.__init__.<locals>._remove at 0x78c03ce3a980>
Traceback (most recent call last):
  File "/u/henryb/miniconda3/lib/python3.12/_weakrefset.py", line 39, in _remove
    def _remove(item, selfref=ref(self)):

stopit.utils.TimeoutException: 
2403 solved in 8.409085035324097 seconds
2460 unsolved in 3.2366020679473877 seconds
2426 unsolved in 8.84963846206665 seconds
2408 solved in 9.125543355941772 seconds
2451 unsolved in 2.526470899581909 seconds
2420 solved in 9.32916808128357 seconds
2442 solved in 1.3666460514068604 seconds
2413 solved in 9.487318754196167 seconds
2529 solved in 2.1187939643859863 seconds
2433 solved in 2.0035417079925537 seconds
2481 solved in 1.456322431564331 seconds
Exception ignored in: <function WeakSet.__init__.<locals>._remove at 0x7fb4600b2980>
Traceback (most recent call last):
  File "/u/henryb/miniconda3/lib/python3.12/_weakrefset.py", line 39, in _remove
    def _remove(item, selfref=ref(self)):

stopit.utils.TimeoutException: 
Exception ignored in: <function WeakSet.__init__.<locals>._remove at 0x78369a93a980>
Traceback (most recent call last):
  File "/u/henryb/miniconda3/lib/python3.12/_weakrefset.py", line 39, in _remove
    def _remove(item, selfref=ref(self)):

stopit.utils.TimeoutException: 
2472 solved in 2.1870839595794678 seconds
2450 solved in 2.855618476867676 seconds
Exception ignored in: <function WeakSet.__init__.<locals>._remove at 0x7f39d4b66980>
Traceback (most recent call last):
  File "/u/henryb/miniconda3/lib/python3.12/_weakrefset.py", line 39, in _remove
    def _remove(item, selfref=ref(self)):

stopit.utils.TimeoutException: 
2559 solved in 2.1806137561798096 seconds
2443 solved in 3.296940565109253 seconds
2511 solved in 1.7671077251434326 seconds
2419 solved in 14.403294086456299 seconds
2502 solved in 1.5929992198944092 seconds
2454 solved in 2.3505141735076904 seconds
2541 solved in 0.819849967956543 seconds
2406 solved in 15.18760871887207 seconds
Exception ignored in: <function WeakSet.__init__.<locals>._remove at 0x7fac13296980>
Traceback (most recent call last):
  File "/u/henryb/miniconda3/lib/python3.12/_weakrefset.py", line 39, in _remove
    def _remove(item, selfref=ref(self)):

stopit.utils.TimeoutException: 
Exception ignored in: <function WeakSet.__init__.<locals>._remove at 0x7f4f8f9ae980>
Traceback (most recent call last):
  File "/u/henryb/miniconda3/lib/python3.12/_weakrefset.py", line 39, in _remove
    def _remove(item, selfref=ref(self)):

stopit.utils.TimeoutException: 
2515 solved in 7.039671897888184 seconds
Exception ignored in: <function WeakSet.__init__.<locals>._remove at 0x770c46c3a980>
Traceback (most recent call last):
  File "/u/henryb/miniconda3/lib/python3.12/_weakrefset.py", line 39, in _remove
    def _remove(item, selfref=ref(self)):

stopit.utils.TimeoutException: 
2429 solved in 16.1703999042511 seconds
2449 solved in 1.96329665184021 seconds
2479 error Similar4.__init__() takes 9 positional arguments but 11 were given
Traceback (most recent call last):
  File "/h/99/henryb/PyEuclid/tests/test.py", line 246, in test_geometry3k
    exec(file.read(), namespace)
  File "<string>", line 7, in <module>
TypeError: Similar4.__init__() takes 9 positional arguments but 11 were given

Exception ignored in: <function WeakSet.__init__.<locals>._remove at 0x75ee86fa6980>
Traceback (most recent call last):
  File "/u/henryb/miniconda3/lib/python3.12/_weakrefset.py", line 39, in _remove
    def _remove(item, selfref=ref(self)):

stopit.utils.TimeoutException: 
2545 error 
Traceback (most recent call last):
  File "/h/99/henryb/PyEuclid/tests/test.py", line 270, in test_geometry3k
    raise e
  File "/h/99/henryb/PyEuclid/tests/test.py", line 266, in test_geometry3k
    engine.run()
  File "/h/99/henryb/PyEuclid/pyeuclid/engine/engine.py", line 12, in run
    self.search()
  File "/h/99/henryb/PyEuclid/pyeuclid/engine/engine.py", line 25, in search
    self.algebraic_system.run()
  File "/h/99/henryb/PyEuclid/pyeuclid/engine/algebraic_system.py", line 329, in run
    self.solve_equation()
  File "/h/99/henryb/PyEuclid/pyeuclid/engine/algebraic_system.py", line 171, in solve_equation
    free, solved = self.elim(length_linear, var_types, remove_redundant=False)
                   ^^^^^^^^^^^^^^^^^^^^^^^^^^^^^^^^^^^^^^^^^^^^^^^^^^^^^^^^^^^
  File "/h/99/henryb/PyEuclid/pyeuclid/engine/algebraic_system.py", line 106, in elim
    eqn = self.process_equation(eqn, check=True)
          ^^^^^^^^^^^^^^^^^^^^^^^^^^^^^^^^^^^^^^
  File "/h/99/henryb/PyEuclid/pyeuclid/engine/algebraic_system.py", line 42, in process_equation
    assert False
           ^^^^^
AssertionError

2473 unsolved in 3.288954496383667 seconds
Exception ignored in: <function WeakSet.__init__.<locals>._remove at 0x7510bfdbe980>
Traceback (most recent call last):
  File "/u/henryb/miniconda3/lib/python3.12/_weakrefset.py", line 39, in _remove
    def _remove(item, selfref=ref(self)):

stopit.utils.TimeoutException: 
Exception ignored in: <function WeakSet.__init__.<locals>._remove at 0x743cfd5fa980>
Traceback (most recent call last):
  File "/u/henryb/miniconda3/lib/python3.12/_weakrefset.py", line 39, in _remove
    def _remove(item, selfref=ref(self)):

stopit.utils.TimeoutException: 
2438 unsolved in 8.851359128952026 seconds
Exception ignored in: <function WeakSet.__init__.<locals>._remove at 0x706c5b2ba980>
Traceback (most recent call last):
  File "/u/henryb/miniconda3/lib/python3.12/_weakrefset.py", line 39, in _remove
    def _remove(item, selfref=ref(self)):

stopit.utils.TimeoutException: 
2453 solved in 15.65210509300232 seconds
2444 unsolved in 12.398516178131104 seconds
2532 solved in 4.932337522506714 seconds
2415 solved in 19.978370904922485 seconds
2484 solved in 4.712751388549805 seconds
2562 solved in 0.009297370910644531 seconds
2402 solved in 20.912662506103516 seconds
2474 solved in 1.1299700736999512 seconds
2503 solved in 3.646930456161499 seconds
2571 solved in 6.7370219230651855 seconds
2428 solved in 22.87852644920349 seconds
2483 solved in 2.4525327682495117 seconds
Exception ignored in: <function WeakSet.__init__.<locals>._remove at 0x78569237a980>
Traceback (most recent call last):
  File "/u/henryb/miniconda3/lib/python3.12/_weakrefset.py", line 39, in _remove
    def _remove(item, selfref=ref(self)):

stopit.utils.TimeoutException: 
Exception ignored in: <function WeakSet.__init__.<locals>._remove at 0x796cec2b6980>
Traceback (most recent call last):
  File "/u/henryb/miniconda3/lib/python3.12/_weakrefset.py", line 39, in _remove
    def _remove(item, selfref=ref(self)):

stopit.utils.TimeoutException: 
2592 unsolved in 2.0514774322509766 seconds
2459 solved in 6.769249677658081 seconds
Exception ignored in: <function WeakSet.__init__.<locals>._remove at 0x73455735e980>
Traceback (most recent call last):
  File "/u/henryb/miniconda3/lib/python3.12/_weakrefset.py", line 39, in _remove
    def _remove(item, selfref=ref(self)):

stopit.utils.TimeoutException: 
2432 error 
Traceback (most recent call last):
  File "/h/99/henryb/PyEuclid/tests/test.py", line 270, in test_geometry3k
    raise e
  File "/h/99/henryb/PyEuclid/tests/test.py", line 266, in test_geometry3k
    engine.run()
  File "/h/99/henryb/PyEuclid/pyeuclid/engine/engine.py", line 12, in run
    self.search()
  File "/h/99/henryb/PyEuclid/pyeuclid/engine/engine.py", line 25, in search
    self.algebraic_system.run()
  File "/h/99/henryb/PyEuclid/pyeuclid/engine/algebraic_system.py", line 329, in run
    self.solve_equation()
  File "/h/99/henryb/PyEuclid/pyeuclid/engine/algebraic_system.py", line 168, in solve_equation
    free, solved = self.elim([item for item in eqs if not item.redundant], var_types)
                   ^^^^^^^^^^^^^^^^^^^^^^^^^^^^^^^^^^^^^^^^^^^^^^^^^^^^^^^^^^^^^^^^^^
  File "/h/99/henryb/PyEuclid/pyeuclid/engine/algebraic_system.py", line 106, in elim
    eqn = self.process_equation(eqn, check=True)
          ^^^^^^^^^^^^^^^^^^^^^^^^^^^^^^^^^^^^^^
  File "/h/99/henryb/PyEuclid/pyeuclid/engine/algebraic_system.py", line 42, in process_equation
    assert False
           ^^^^^
AssertionError

2504 solved in 2.0695531368255615 seconds
2405 solved in 24.04242491722107 seconds
2507 error 
Traceback (most recent call last):
  File "/h/99/henryb/PyEuclid/tests/test.py", line 270, in test_geometry3k
    raise e
  File "/h/99/henryb/PyEuclid/tests/test.py", line 266, in test_geometry3k
    engine.run()
  File "/h/99/henryb/PyEuclid/pyeuclid/engine/engine.py", line 12, in run
    self.search()
  File "/h/99/henryb/PyEuclid/pyeuclid/engine/engine.py", line 25, in search
    self.algebraic_system.run()
  File "/h/99/henryb/PyEuclid/pyeuclid/engine/algebraic_system.py", line 329, in run
    self.solve_equation()
  File "/h/99/henryb/PyEuclid/pyeuclid/engine/algebraic_system.py", line 168, in solve_equation
    free, solved = self.elim([item for item in eqs if not item.redundant], var_types)
                   ^^^^^^^^^^^^^^^^^^^^^^^^^^^^^^^^^^^^^^^^^^^^^^^^^^^^^^^^^^^^^^^^^^
  File "/h/99/henryb/PyEuclid/pyeuclid/engine/algebraic_system.py", line 106, in elim
    eqn = self.process_equation(eqn, check=True)
          ^^^^^^^^^^^^^^^^^^^^^^^^^^^^^^^^^^^^^^
  File "/h/99/henryb/PyEuclid/pyeuclid/engine/algebraic_system.py", line 42, in process_equation
    assert False
           ^^^^^
AssertionError

2489 solved in 0.9103236198425293 seconds
Exception ignored in: <function WeakSet.__init__.<locals>._remove at 0x7f4f8f9ae980>
Traceback (most recent call last):
  File "/u/henryb/miniconda3/lib/python3.12/_weakrefset.py", line 39, in _remove
    def _remove(item, selfref=ref(self)):

stopit.utils.TimeoutException: 
2435 solved in 0.5210933685302734 seconds
2445 solved in 5.046809196472168 seconds
2513 unsolved in 3.1018168926239014 seconds
2456 solved in 17.500864028930664 seconds
2514 solved in 6.353844881057739 seconds
2622 unsolved in 4.790082931518555 seconds
2416 solved in 28.456113815307617 seconds
Exception ignored in: <function WeakSet.__init__.<locals>._remove at 0x7f39d4b66980>
Traceback (most recent call last):
  File "/u/henryb/miniconda3/lib/python3.12/_weakrefset.py", line 39, in _remove
    def _remove(item, selfref=ref(self)):

stopit.utils.TimeoutException: 
2463 solved in 17.583378553390503 seconds
2575 solved in 11.68867826461792 seconds
2462 solved in 5.26762056350708 seconds
Exception ignored in: <function WeakSet.__init__.<locals>._remove at 0x706c5b2ba980>
Traceback (most recent call last):
  File "/u/henryb/miniconda3/lib/python3.12/_weakrefset.py", line 39, in _remove
    def _remove(item, selfref=ref(self)):

stopit.utils.TimeoutException: 
2418 solved in 30.14740490913391 seconds
2519 solved in 4.612349987030029 seconds
Exception ignored in: <function WeakSet.__init__.<locals>._remove at 0x75ee86fa6980>
Traceback (most recent call last):
  File "/u/henryb/miniconda3/lib/python3.12/_weakrefset.py", line 39, in _remove
    def _remove(item, selfref=ref(self)):

  File "/h/99/henryb/PyEuclid/pyeuclid/formalization/utils.py", line 29, in _handle_timeout
    raise TimeoutException("Operation timed out")
pyeuclid.formalization.utils.TimeoutException: Operation timed out
2544 solved in 3.118396043777466 seconds
2652 unsolved in 2.3880183696746826 seconds
2589 unsolved in 17.578824281692505 seconds
Exception ignored in: <function WeakSet.__init__.<locals>._remove at 0x7a45c12b6980>
Traceback (most recent call last):
  File "/u/henryb/miniconda3/lib/python3.12/_weakrefset.py", line 39, in _remove
    def _remove(item, selfref=ref(self)):

stopit.utils.TimeoutException: 
2468 solved in 12.742579698562622 seconds
Exception ignored in: <function WeakSet.__init__.<locals>._remove at 0x7f4f8f9ae980>
Traceback (most recent call last):
  File "/u/henryb/miniconda3/lib/python3.12/_weakrefset.py", line 39, in _remove
    def _remove(item, selfref=ref(self)):

stopit.utils.TimeoutException: 
Exception ignored in: <function WeakSet.__init__.<locals>._remove at 0x703578eba980>
Traceback (most recent call last):
  File "/u/henryb/miniconda3/lib/python3.12/_weakrefset.py", line 39, in _remove
    def _remove(item, selfref=ref(self)):

stopit.utils.TimeoutException: 
2448 solved in 2.2735071182250977 seconds
2436 solved in 17.305771827697754 seconds
2574 solved in 2.2348108291625977 seconds
2498 solved in 1.3447699546813965 seconds
2605 solved in 3.6712117195129395 seconds
Exception ignored in: <function WeakSet.__init__.<locals>._remove at 0x7f39d4b66980>
Traceback (most recent call last):
  File "/u/henryb/miniconda3/lib/python3.12/_weakrefset.py", line 39, in _remove
    def _remove(item, selfref=ref(self)):

stopit.utils.TimeoutException: 
Exception ignored in: <function WeakSet.__init__.<locals>._remove at 0x78c03ce3a980>
Traceback (most recent call last):
  File "/u/henryb/miniconda3/lib/python3.12/_weakrefset.py", line 39, in _remove
    def _remove(item, selfref=ref(self)):

stopit.utils.TimeoutException: 
2528 solved in 0.40323925018310547 seconds
Exception ignored in: <function WeakSet.__init__.<locals>._remove at 0x762251e6a980>
Traceback (most recent call last):
  File "/u/henryb/miniconda3/lib/python3.12/_weakrefset.py", line 39, in _remove
    def _remove(item, selfref=ref(self)):

stopit.utils.TimeoutException: 
2604 unsolved in 1.5676820278167725 seconds
2558 solved in 0.6305618286132812 seconds
2478 solved in 2.620745897293091 seconds
2478 error SCIP: error in LP solver!
[solve.c:4032] ERROR: (node 1) unresolved numerical troubles in LP 3 cannot be dealt with
[solve.c:4311] ERROR: Error <-6> in function call
[solve.c:5104] ERROR: Error <-6> in function call
[scip_solve.c:2661] ERROR: Error <-6> in function call
Traceback (most recent call last):
  File "/h/99/henryb/PyEuclid/tests/test.py", line 278, in test_geometry3k
    proof_generator.run()
  File "/h/99/henryb/PyEuclid/pyeuclid/engine/proof_generator.py", line 159, in run
    conditions = self.find_conditions(equations, node, tmp)
                 ^^^^^^^^^^^^^^^^^^^^^^^^^^^^^^^^^^^^^^^^^^
  File "/h/99/henryb/PyEuclid/pyeuclid/engine/proof_generator.py", line 592, in find_conditions
    return try_find(equations, conclusion)
           ^^^^^^^^^^^^^^^^^^^^^^^^^^^^^^^
  File "/h/99/henryb/PyEuclid/pyeuclid/engine/proof_generator.py", line 579, in try_find
    deps = self.traceback_l1(mat, eq)
           ^^^^^^^^^^^^^^^^^^^^^^^^^^
  File "/h/99/henryb/PyEuclid/pyeuclid/engine/proof_generator.py", line 388, in traceback_l1
    model.optimize()
  File "src/pyscipopt/scip.pxi", line 7209, in pyscipopt.scip.Model.optimize
  File "src/pyscipopt/scip.pxi", line 313, in pyscipopt.scip.PY_SCIP_CALL
Exception: SCIP: error in LP solver!

2543 solved in 9.94311785697937 seconds
Exception ignored in: <function WeakSet.__init__.<locals>._remove at 0x7cde705e2980>
Traceback (most recent call last):
  File "/u/henryb/miniconda3/lib/python3.12/_weakrefset.py", line 39, in _remove
    def _remove(item, selfref=ref(self)):

stopit.utils.TimeoutException: 
2549 unsolved in 6.628594398498535 seconds
2508 solved in 0.7635650634765625 seconds
2537 solved in 12.49384069442749 seconds
Exception ignored in: <function WeakSet.__init__.<locals>._remove at 0x75ee86fa6980>
Traceback (most recent call last):
  File "/u/henryb/miniconda3/lib/python3.12/_weakrefset.py", line 39, in _remove
    def _remove(item, selfref=ref(self)):

stopit.utils.TimeoutException: 
2466 solved in 6.3841917514801025 seconds
Exception ignored in: <function WeakSet.__init__.<locals>._remove at 0x743cfd5fa980>
Traceback (most recent call last):
  File "/u/henryb/miniconda3/lib/python3.12/_weakrefset.py", line 39, in _remove
    def _remove(item, selfref=ref(self)):

stopit.utils.TimeoutException: 
Exception ignored in: <function WeakSet.__init__.<locals>._remove at 0x7fb4600b2980>
Traceback (most recent call last):
  File "/u/henryb/miniconda3/lib/python3.12/_weakrefset.py", line 39, in _remove
    def _remove(item, selfref=ref(self)):

stopit.utils.TimeoutException: 
Exception ignored in: <function WeakSet.__init__.<locals>._remove at 0x75ee86fa6980>
Traceback (most recent call last):
  File "/u/henryb/miniconda3/lib/python3.12/_weakrefset.py", line 39, in _remove
    def _remove(item, selfref=ref(self)):

stopit.utils.TimeoutException: 
2567 solved in 4.110363721847534 seconds
2601 solved in 20.923336505889893 seconds
2579 error 
Traceback (most recent call last):
  File "/h/99/henryb/PyEuclid/tests/test.py", line 270, in test_geometry3k
    raise e
  File "/h/99/henryb/PyEuclid/tests/test.py", line 266, in test_geometry3k
    engine.run()
  File "/h/99/henryb/PyEuclid/pyeuclid/engine/engine.py", line 12, in run
    self.search()
  File "/h/99/henryb/PyEuclid/pyeuclid/engine/engine.py", line 25, in search
    self.algebraic_system.run()
  File "/h/99/henryb/PyEuclid/pyeuclid/engine/algebraic_system.py", line 329, in run
    self.solve_equation()
  File "/h/99/henryb/PyEuclid/pyeuclid/engine/algebraic_system.py", line 171, in solve_equation
    free, solved = self.elim(length_linear, var_types, remove_redundant=False)
                   ^^^^^^^^^^^^^^^^^^^^^^^^^^^^^^^^^^^^^^^^^^^^^^^^^^^^^^^^^^^
  File "/h/99/henryb/PyEuclid/pyeuclid/engine/algebraic_system.py", line 106, in elim
    eqn = self.process_equation(eqn, check=True)
          ^^^^^^^^^^^^^^^^^^^^^^^^^^^^^^^^^^^^^^
  File "/h/99/henryb/PyEuclid/pyeuclid/engine/algebraic_system.py", line 42, in process_equation
    assert False
           ^^^^^
AssertionError

Exception ignored in: <function WeakSet.__init__.<locals>._remove at 0x762251e6a980>
Traceback (most recent call last):
  File "/u/henryb/miniconda3/lib/python3.12/_weakrefset.py", line 39, in _remove
    def _remove(item, selfref=ref(self)):

stopit.utils.TimeoutException: 
Exception ignored in: <function WeakSet.__init__.<locals>._remove at 0x7a45c12b6980>
Traceback (most recent call last):
  File "/u/henryb/miniconda3/lib/python3.12/_weakrefset.py", line 39, in _remove
    def _remove(item, selfref=ref(self)):

stopit.utils.TimeoutException: 
2619 solved in 12.485903263092041 seconds
Exception ignored in: <function WeakSet.__init__.<locals>._remove at 0x706c5b2ba980>
Traceback (most recent call last):
  File "/u/henryb/miniconda3/lib/python3.12/_weakrefset.py", line 39, in _remove
    def _remove(item, selfref=ref(self)):

stopit.utils.TimeoutException: 
2490 solved in 37.50411105155945 seconds
2649 solved in 2.042941093444824 seconds
2682 solved in 16.30701494216919 seconds
Exception ignored in: <function WeakSet.__init__.<locals>._remove at 0x7f39d4b66980>
Traceback (most recent call last):
  File "/u/henryb/miniconda3/lib/python3.12/_weakrefset.py", line 39, in _remove
    def _remove(item, selfref=ref(self)):

stopit.utils.TimeoutException: 
Exception ignored in: <function WeakSet.__init__.<locals>._remove at 0x75ee86fa6980>
Traceback (most recent call last):
  File "/u/henryb/miniconda3/lib/python3.12/_weakrefset.py", line 39, in _remove
    def _remove(item, selfref=ref(self)):

stopit.utils.TimeoutException: 
Exception ignored in: <function WeakSet.__init__.<locals>._remove at 0x746bc2f6a980>
Traceback (most recent call last):
  File "/u/henryb/miniconda3/lib/python3.12/_weakrefset.py", line 39, in _remove
    def _remove(item, selfref=ref(self)):

stopit.utils.TimeoutException: 
Exception ignored in: <function WeakSet.__init__.<locals>._remove at 0x78569237a980>
Traceback (most recent call last):
  File "/u/henryb/miniconda3/lib/python3.12/_weakrefset.py", line 39, in _remove
    def _remove(item, selfref=ref(self)):

stopit.utils.TimeoutException: 
2534 unsolved in 29.648229360580444 seconds
2597 solved in 11.30991268157959 seconds
2446 solved in 26.521815299987793 seconds
Exception ignored in: <function WeakSet.__init__.<locals>._remove at 0x762251e6a980>
Traceback (most recent call last):
  File "/u/henryb/miniconda3/lib/python3.12/_weakrefset.py", line 39, in _remove
    def _remove(item, selfref=ref(self)):

stopit.utils.TimeoutException: 
Exception ignored in: <function WeakSet.__init__.<locals>._remove at 0x706c5b2ba980>
Traceback (most recent call last):
  File "/u/henryb/miniconda3/lib/python3.12/_weakrefset.py", line 39, in _remove
    def _remove(item, selfref=ref(self)):

stopit.utils.TimeoutException: 
2712 solved in 7.669129371643066 seconds
Exception ignored in: <function WeakSet.__init__.<locals>._remove at 0x743cfd5fa980>
Traceback (most recent call last):
  File "/u/henryb/miniconda3/lib/python3.12/_weakrefset.py", line 39, in _remove
    def _remove(item, selfref=ref(self)):

stopit.utils.TimeoutException: 
Exception ignored in: <function WeakSet.__init__.<locals>._remove at 0x7a45c12b6980>
Traceback (most recent call last):
  File "/u/henryb/miniconda3/lib/python3.12/_weakrefset.py", line 39, in _remove
    def _remove(item, selfref=ref(self)):

stopit.utils.TimeoutException: 
2407 solved in 56.90412354469299 seconds
Exception ignored in: <function WeakSet.__init__.<locals>._remove at 0x7df41b186980>
Traceback (most recent call last):
  File "/u/henryb/miniconda3/lib/python3.12/_weakrefset.py", line 39, in _remove
    def _remove(item, selfref=ref(self)):

stopit.utils.TimeoutException: 
2533 solved in 37.295448303222656 seconds
2404 solved in 59.76332974433899 seconds
Exception ignored in: <function WeakSet.__init__.<locals>._remove at 0x75ee86fa6980>
Traceback (most recent call last):
  File "/u/henryb/miniconda3/lib/python3.12/_weakrefset.py", line 39, in _remove
    def _remove(item, selfref=ref(self)):

stopit.utils.TimeoutException: 
2492 error 
Traceback (most recent call last):
  File "/h/99/henryb/PyEuclid/tests/test.py", line 270, in test_geometry3k
    raise e
  File "/h/99/henryb/PyEuclid/tests/test.py", line 266, in test_geometry3k
    engine.run()
  File "/h/99/henryb/PyEuclid/pyeuclid/engine/engine.py", line 12, in run
    self.search()
  File "/h/99/henryb/PyEuclid/pyeuclid/engine/engine.py", line 25, in search
    self.algebraic_system.run()
  File "/h/99/henryb/PyEuclid/pyeuclid/engine/algebraic_system.py", line 329, in run
    self.solve_equation()
  File "/h/99/henryb/PyEuclid/pyeuclid/engine/algebraic_system.py", line 171, in solve_equation
    free, solved = self.elim(length_linear, var_types, remove_redundant=False)
                   ^^^^^^^^^^^^^^^^^^^^^^^^^^^^^^^^^^^^^^^^^^^^^^^^^^^^^^^^^^^
  File "/h/99/henryb/PyEuclid/pyeuclid/engine/algebraic_system.py", line 106, in elim
    eqn = self.process_equation(eqn, check=True)
          ^^^^^^^^^^^^^^^^^^^^^^^^^^^^^^^^^^^^^^
  File "/h/99/henryb/PyEuclid/pyeuclid/engine/algebraic_system.py", line 42, in process_equation
    assert False
           ^^^^^
AssertionError

2437 solved in 4.148747444152832 seconds
2631 solved in 17.468942880630493 seconds
Exception ignored in: <function WeakSet.__init__.<locals>._remove at 0x762251e6a980>
Traceback (most recent call last):
  File "/u/henryb/miniconda3/lib/python3.12/_weakrefset.py", line 39, in _remove
    def _remove(item, selfref=ref(self)):

stopit.utils.TimeoutException: 
Exception ignored in: <function WeakSet.__init__.<locals>._remove at 0x7df41b186980>
Traceback (most recent call last):
  File "/u/henryb/miniconda3/lib/python3.12/_weakrefset.py", line 39, in _remove
    def _remove(item, selfref=ref(self)):

stopit.utils.TimeoutException: 
Exception ignored in: <function WeakSet.__init__.<locals>._remove at 0x7a45c12b6980>
Traceback (most recent call last):
  File "/u/henryb/miniconda3/lib/python3.12/_weakrefset.py", line 39, in _remove
    def _remove(item, selfref=ref(self)):

stopit.utils.TimeoutException: 
Exception ignored in: <function WeakSet.__init__.<locals>._remove at 0x7f39d4b66980>
Traceback (most recent call last):
  File "/u/henryb/miniconda3/lib/python3.12/_weakrefset.py", line 39, in _remove
    def _remove(item, selfref=ref(self)):

stopit.utils.TimeoutException: 
Exception ignored in: <function WeakSet.__init__.<locals>._remove at 0x746bc2f6a980>
Traceback (most recent call last):
  File "/u/henryb/miniconda3/lib/python3.12/_weakrefset.py", line 39, in _remove
    def _remove(item, selfref=ref(self)):

stopit.utils.TimeoutException: 
Exception ignored in: <function WeakSet.__init__.<locals>._remove at 0x73455735e980>
Traceback (most recent call last):
  File "/u/henryb/miniconda3/lib/python3.12/_weakrefset.py", line 39, in _remove
    def _remove(item, selfref=ref(self)):

stopit.utils.TimeoutException: 
2635 error 
Traceback (most recent call last):
  File "/h/99/henryb/PyEuclid/tests/test.py", line 270, in test_geometry3k
    raise e
  File "/h/99/henryb/PyEuclid/tests/test.py", line 266, in test_geometry3k
    engine.run()
  File "/h/99/henryb/PyEuclid/pyeuclid/engine/engine.py", line 12, in run
    self.search()
  File "/h/99/henryb/PyEuclid/pyeuclid/engine/engine.py", line 25, in search
    self.algebraic_system.run()
  File "/h/99/henryb/PyEuclid/pyeuclid/engine/algebraic_system.py", line 329, in run
    self.solve_equation()
  File "/h/99/henryb/PyEuclid/pyeuclid/engine/algebraic_system.py", line 168, in solve_equation
    free, solved = self.elim([item for item in eqs if not item.redundant], var_types)
                   ^^^^^^^^^^^^^^^^^^^^^^^^^^^^^^^^^^^^^^^^^^^^^^^^^^^^^^^^^^^^^^^^^^
  File "/h/99/henryb/PyEuclid/pyeuclid/engine/algebraic_system.py", line 106, in elim
    eqn = self.process_equation(eqn, check=True)
          ^^^^^^^^^^^^^^^^^^^^^^^^^^^^^^^^^^^^^^
  File "/h/99/henryb/PyEuclid/pyeuclid/engine/algebraic_system.py", line 42, in process_equation
    assert False
           ^^^^^
AssertionError

2679 solved in 18.229718923568726 seconds
2634 solved in 30.008443355560303 seconds
2467 solved in 4.619931697845459 seconds
Exception ignored in: <function WeakSet.__init__.<locals>._remove at 0x743cfd5fa980>
Traceback (most recent call last):
  File "/u/henryb/miniconda3/lib/python3.12/_weakrefset.py", line 39, in _remove
    def _remove(item, selfref=ref(self)):

stopit.utils.TimeoutException: 
2627 solved in 1.4206154346466064 seconds
2434 unsolved in 7.245613098144531 seconds
Exception ignored in: <function WeakSet.__init__.<locals>._remove at 0x762251e6a980>
Traceback (most recent call last):
  File "/u/henryb/miniconda3/lib/python3.12/_weakrefset.py", line 39, in _remove
    def _remove(item, selfref=ref(self)):

stopit.utils.TimeoutException: 
2661 solved in 6.3778297901153564 seconds
2657 solved in 0.667116641998291 seconds
Exception ignored in: <function WeakSet.__init__.<locals>._remove at 0x75ee86fa6980>
Traceback (most recent call last):
  File "/u/henryb/miniconda3/lib/python3.12/_weakrefset.py", line 39, in _remove
    def _remove(item, selfref=ref(self)):

stopit.utils.TimeoutException: 
Exception ignored in: <function WeakSet.__init__.<locals>._remove at 0x7f39d4b66980>
Traceback (most recent call last):
  File "/u/henryb/miniconda3/lib/python3.12/_weakrefset.py", line 39, in _remove
    def _remove(item, selfref=ref(self)):

stopit.utils.TimeoutException: 
2496 solved in 28.652520656585693 seconds
Exception ignored in: <function WeakSet.__init__.<locals>._remove at 0x7510bfdbe980>
Traceback (most recent call last):
  File "/u/henryb/miniconda3/lib/python3.12/_weakrefset.py", line 39, in _remove
    def _remove(item, selfref=ref(self)):

  File "/h/99/henryb/PyEuclid/pyeuclid/formalization/utils.py", line 29, in _handle_timeout
    raise TimeoutException("Operation timed out")
pyeuclid.formalization.utils.TimeoutException: Operation timed out
2691 solved in 0.6856272220611572 seconds
Exception ignored in: <function WeakSet.__init__.<locals>._remove at 0x73e981c7a980>
Traceback (most recent call last):
  File "/u/henryb/miniconda3/lib/python3.12/_weakrefset.py", line 39, in _remove
    def _remove(item, selfref=ref(self)):

stopit.utils.TimeoutException: 
2709 solved in 3.588193416595459 seconds
2563 solved in 12.53350830078125 seconds
2665 solved in 6.1810526847839355 seconds
Exception ignored in: <function WeakSet.__init__.<locals>._remove at 0x7fb4600b2980>
Traceback (most recent call last):
  File "/u/henryb/miniconda3/lib/python3.12/_weakrefset.py", line 39, in _remove
    def _remove(item, selfref=ref(self)):

stopit.utils.TimeoutException: 
Exception ignored in: <function WeakSet.__init__.<locals>._remove at 0x743cfd5fa980>
Traceback (most recent call last):
  File "/u/henryb/miniconda3/lib/python3.12/_weakrefset.py", line 39, in _remove
    def _remove(item, selfref=ref(self)):

stopit.utils.TimeoutException: 
2522 unsolved in 11.924463748931885 seconds
2564 solved in 19.529267072677612 seconds
2721 unsolved in 3.7962124347686768 seconds
2487 solved in 67.09040880203247 seconds
2464 solved in 7.153564214706421 seconds
Exception ignored in: <function WeakSet.__init__.<locals>._remove at 0x73455735e980>
Traceback (most recent call last):
  File "/u/henryb/miniconda3/lib/python3.12/_weakrefset.py", line 39, in _remove
    def _remove(item, selfref=ref(self)):

stopit.utils.TimeoutException: 
Exception ignored in: <function WeakSet.__init__.<locals>._remove at 0x7f39d4b66980>
Traceback (most recent call last):
  File "/u/henryb/miniconda3/lib/python3.12/_weakrefset.py", line 39, in _remove
    def _remove(item, selfref=ref(self)):

stopit.utils.TimeoutException: 
Exception ignored in: <function WeakSet.__init__.<locals>._remove at 0x7fac13296980>
Traceback (most recent call last):
  File "/u/henryb/miniconda3/lib/python3.12/_weakrefset.py", line 39, in _remove
    def _remove(item, selfref=ref(self)):

stopit.utils.TimeoutException: 
2552 solved in 1.7035531997680664 seconds
2476 solved in 20.198559999465942 seconds
2593 solved in 3.4349255561828613 seconds
Exception ignored in: <function WeakSet.__init__.<locals>._remove at 0x7df41b186980>
Traceback (most recent call last):
  File "/u/henryb/miniconda3/lib/python3.12/_weakrefset.py", line 39, in _remove
    def _remove(item, selfref=ref(self)):

stopit.utils.TimeoutException: 
Exception ignored in: <function WeakSet.__init__.<locals>._remove at 0x762251e6a980>
Traceback (most recent call last):
  File "/u/henryb/miniconda3/lib/python3.12/_weakrefset.py", line 39, in _remove
    def _remove(item, selfref=ref(self)):

stopit.utils.TimeoutException: 
2695 solved in 5.205022096633911 seconds
2594 solved in 3.4696152210235596 seconds
Exception ignored in: <function WeakSet.__init__.<locals>._remove at 0x7fb4600b2980>
Traceback (most recent call last):
  File "/u/henryb/miniconda3/lib/python3.12/_weakrefset.py", line 39, in _remove
    def _remove(item, selfref=ref(self)):

stopit.utils.TimeoutException: 
2517 solved in 2.525371789932251 seconds
Exception ignored in: <function WeakSet.__init__.<locals>._remove at 0x76535bcb6980>
Traceback (most recent call last):
  File "/u/henryb/miniconda3/lib/python3.12/_weakrefset.py", line 39, in _remove
    def _remove(item, selfref=ref(self)):

stopit.utils.TimeoutException: 
Exception ignored in: <function WeakSet.__init__.<locals>._remove at 0x762251e6a980>
Traceback (most recent call last):
  File "/u/henryb/miniconda3/lib/python3.12/_weakrefset.py", line 39, in _remove
    def _remove(item, selfref=ref(self)):

stopit.utils.TimeoutException: 
Exception ignored in: <function WeakSet.__init__.<locals>._remove at 0x75ee86fa6980>
Traceback (most recent call last):
  File "/u/henryb/miniconda3/lib/python3.12/_weakrefset.py", line 39, in _remove
    def _remove(item, selfref=ref(self)):

stopit.utils.TimeoutException: 
2573 solved in 44.6509108543396 seconds
Exception ignored in: <function WeakSet.__init__.<locals>._remove at 0x7f42b04ba980>
Traceback (most recent call last):
  File "/u/henryb/miniconda3/lib/python3.12/_weakrefset.py", line 39, in _remove
    def _remove(item, selfref=ref(self)):

stopit.utils.TimeoutException: 
2493 solved in 53.22082018852234 seconds
Exception ignored in: <function WeakSet.__init__.<locals>._remove at 0x7fb4600b2980>
Traceback (most recent call last):
  File "/u/henryb/miniconda3/lib/python3.12/_weakrefset.py", line 39, in _remove
    def _remove(item, selfref=ref(self)):

stopit.utils.TimeoutException: 
Exception ignored in: <function WeakSet.__init__.<locals>._remove at 0x73e981c7a980>
Traceback (most recent call last):
  File "/u/henryb/miniconda3/lib/python3.12/_weakrefset.py", line 39, in _remove
    def _remove(item, selfref=ref(self)):

stopit.utils.TimeoutException: 
Exception ignored in: <function WeakSet.__init__.<locals>._remove at 0x762251e6a980>
Traceback (most recent call last):
  File "/u/henryb/miniconda3/lib/python3.12/_weakrefset.py", line 39, in _remove
    def _remove(item, selfref=ref(self)):

stopit.utils.TimeoutException: 
2623 unsolved in 8.561176538467407 seconds
Exception ignored in: <function WeakSet.__init__.<locals>._remove at 0x75ee86fa6980>
Traceback (most recent call last):
  File "/u/henryb/miniconda3/lib/python3.12/_weakrefset.py", line 39, in _remove
    def _remove(item, selfref=ref(self)):

stopit.utils.TimeoutException: 
Exception ignored in: <function WeakSet.__init__.<locals>._remove at 0x7fac13296980>
Traceback (most recent call last):
  File "/u/henryb/miniconda3/lib/python3.12/_weakrefset.py", line 39, in _remove
    def _remove(item, selfref=ref(self)):

  File "/h/99/henryb/PyEuclid/pyeuclid/formalization/utils.py", line 29, in _handle_timeout
    raise TimeoutException("Operation timed out")
pyeuclid.formalization.utils.TimeoutException: Operation timed out
2739 solved in 16.381543397903442 seconds
2431 error 
Traceback (most recent call last):
  File "/h/99/henryb/PyEuclid/tests/test.py", line 270, in test_geometry3k
    raise e
  File "/h/99/henryb/PyEuclid/tests/test.py", line 266, in test_geometry3k
    engine.run()
  File "/h/99/henryb/PyEuclid/pyeuclid/engine/engine.py", line 12, in run
    self.search()
  File "/h/99/henryb/PyEuclid/pyeuclid/engine/engine.py", line 25, in search
    self.algebraic_system.run()
  File "/h/99/henryb/PyEuclid/pyeuclid/engine/algebraic_system.py", line 329, in run
    self.solve_equation()
  File "/h/99/henryb/PyEuclid/pyeuclid/engine/algebraic_system.py", line 171, in solve_equation
    free, solved = self.elim(length_linear, var_types, remove_redundant=False)
                   ^^^^^^^^^^^^^^^^^^^^^^^^^^^^^^^^^^^^^^^^^^^^^^^^^^^^^^^^^^^
  File "/h/99/henryb/PyEuclid/pyeuclid/engine/algebraic_system.py", line 106, in elim
    eqn = self.process_equation(eqn, check=True)
          ^^^^^^^^^^^^^^^^^^^^^^^^^^^^^^^^^^^^^^
  File "/h/99/henryb/PyEuclid/pyeuclid/engine/algebraic_system.py", line 42, in process_equation
    assert False
           ^^^^^
AssertionError

2461 error Centroid.__init__() takes 5 positional arguments but 8 were given
Traceback (most recent call last):
  File "/h/99/henryb/PyEuclid/tests/test.py", line 246, in test_geometry3k
    exec(file.read(), namespace)
  File "<string>", line 7, in <module>
TypeError: Centroid.__init__() takes 5 positional arguments but 8 were given

2520 solved in 41.037431716918945 seconds
2742 solved in 31.477770566940308 seconds
Exception ignored in: <function WeakSet.__init__.<locals>._remove at 0x7fb4600b2980>
Traceback (most recent call last):
  File "/u/henryb/miniconda3/lib/python3.12/_weakrefset.py", line 39, in _remove
    def _remove(item, selfref=ref(self)):

stopit.utils.TimeoutException: 
2769 solved in 1.9676637649536133 seconds
2486 solved in 12.541242361068726 seconds
2491 solved in 2.7886152267456055 seconds
2624 unsolved in 13.027897596359253 seconds
2521 solved in 0.7143223285675049 seconds
Exception ignored in: <function WeakSet.__init__.<locals>._remove at 0x7f42b04ba980>
Traceback (most recent call last):
  File "/u/henryb/miniconda3/lib/python3.12/_weakrefset.py", line 39, in _remove
    def _remove(item, selfref=ref(self)):

stopit.utils.TimeoutException: 
Exception ignored in: <function WeakSet.__init__.<locals>._remove at 0x75ee86fa6980>
Traceback (most recent call last):
  File "/u/henryb/miniconda3/lib/python3.12/_weakrefset.py", line 39, in _remove
    def _remove(item, selfref=ref(self)):

stopit.utils.TimeoutException: 
2609 solved in 52.14502191543579 seconds
Exception ignored in: <function WeakSet.__init__.<locals>._remove at 0x7f42b04ba980>
Traceback (most recent call last):
  File "/u/henryb/miniconda3/lib/python3.12/_weakrefset.py", line 39, in _remove
    def _remove(item, selfref=ref(self)):

stopit.utils.TimeoutException: 
Exception ignored in: <function WeakSet.__init__.<locals>._remove at 0x7a45c12b6980>
Traceback (most recent call last):
  File "/u/henryb/miniconda3/lib/python3.12/_weakrefset.py", line 39, in _remove
    def _remove(item, selfref=ref(self)):

stopit.utils.TimeoutException: 
2772 solved in 10.43229365348816 seconds
Exception ignored in: <function WeakSet.__init__.<locals>._remove at 0x7510bfdbe980>
Traceback (most recent call last):
  File "/u/henryb/miniconda3/lib/python3.12/_weakrefset.py", line 39, in _remove
    def _remove(item, selfref=ref(self)):

  File "/h/99/henryb/PyEuclid/pyeuclid/formalization/utils.py", line 29, in _handle_timeout
    raise TimeoutException("Operation timed out")
pyeuclid.formalization.utils.TimeoutException: Operation timed out
2516 solved in 8.97558856010437 seconds
2546 solved in 0.02722454071044922 seconds
Exception ignored in: <function WeakSet.__init__.<locals>._remove at 0x7fb4600b2980>
Traceback (most recent call last):
  File "/u/henryb/miniconda3/lib/python3.12/_weakrefset.py", line 39, in _remove
    def _remove(item, selfref=ref(self)):

stopit.utils.TimeoutException: 
2551 solved in 7.665679931640625 seconds
2523 unsolved in 18.317559242248535 seconds
2576 solved in 2.8969736099243164 seconds
Exception ignored in: <function WeakSet.__init__.<locals>._remove at 0x7fb4600b2980>
Traceback (most recent call last):
  File "/u/henryb/miniconda3/lib/python3.12/_weakrefset.py", line 39, in _remove
    def _remove(item, selfref=ref(self)):

stopit.utils.TimeoutException: 
Exception ignored in: <function WeakSet.__init__.<locals>._remove at 0x7a45c12b6980>
Traceback (most recent call last):
  File "/u/henryb/miniconda3/lib/python3.12/_weakrefset.py", line 39, in _remove
    def _remove(item, selfref=ref(self)):

stopit.utils.TimeoutException: 
2550 solved in 15.914156675338745 seconds
2547 solved in 25.963337898254395 seconds
2687 solved in 35.7638144493103 seconds
Exception ignored in: <function WeakSet.__init__.<locals>._remove at 0x7a45c12b6980>
Traceback (most recent call last):
  File "/u/henryb/miniconda3/lib/python3.12/_weakrefset.py", line 39, in _remove
    def _remove(item, selfref=ref(self)):

stopit.utils.TimeoutException: 
Exception ignored in: <function WeakSet.__init__.<locals>._remove at 0x7fb4600b2980>
Traceback (most recent call last):
  File "/u/henryb/miniconda3/lib/python3.12/_weakrefset.py", line 39, in _remove
    def _remove(item, selfref=ref(self)):

stopit.utils.TimeoutException: 
2603 solved in 23.71638512611389 seconds
2581 solved in 5.439387798309326 seconds
Exception ignored in: <function WeakSet.__init__.<locals>._remove at 0x78d040816980>
Traceback (most recent call last):
  File "/u/henryb/miniconda3/lib/python3.12/_weakrefset.py", line 39, in _remove
    def _remove(item, selfref=ref(self)):

stopit.utils.TimeoutException: 
2802 solved in 1.8535568714141846 seconds
2611 solved in 1.614492416381836 seconds
2582 solved in 33.12151098251343 seconds
2606 solved in 6.2500481605529785 seconds
2641 solved in 1.2023990154266357 seconds
Exception ignored in: <function WeakSet.__init__.<locals>._remove at 0x7510bfdbe980>
Traceback (most recent call last):
  File "/u/henryb/miniconda3/lib/python3.12/_weakrefset.py", line 39, in _remove
    def _remove(item, selfref=ref(self)):

stopit.utils.TimeoutException: 
2580 solved in 6.299346685409546 seconds
2832 solved in 4.518967151641846 seconds
2862 solved in 0.8046479225158691 seconds
2892 error Centroid.__init__() takes 5 positional arguments but 8 were given
Traceback (most recent call last):
  File "/h/99/henryb/PyEuclid/tests/test.py", line 246, in test_geometry3k
    exec(file.read(), namespace)
  File "<string>", line 7, in <module>
TypeError: Centroid.__init__() takes 5 positional arguments but 8 were given

2610 solved in 2.2243847846984863 seconds
2725 solved in 35.544066429138184 seconds
Exception ignored in: <function WeakSet.__init__.<locals>._remove at 0x76535bcb6980>
Traceback (most recent call last):
  File "/u/henryb/miniconda3/lib/python3.12/_weakrefset.py", line 39, in _remove
    def _remove(item, selfref=ref(self)):

stopit.utils.TimeoutException: 
Exception ignored in: <function WeakSet.__init__.<locals>._remove at 0x7a45c12b6980>
Traceback (most recent call last):
  File "/u/henryb/miniconda3/lib/python3.12/_weakrefset.py", line 39, in _remove
    def _remove(item, selfref=ref(self)):

stopit.utils.TimeoutException: 
2755 solved in 1.8629076480865479 seconds
Exception ignored in: <function WeakSet.__init__.<locals>._remove at 0x7fb4600b2980>
Traceback (most recent call last):
  File "/u/henryb/miniconda3/lib/python3.12/_weakrefset.py", line 39, in _remove
    def _remove(item, selfref=ref(self)):

stopit.utils.TimeoutException: 
2497 solved in 52.0684974193573 seconds
2480 solved in 107.8513503074646 seconds
2639 solved in 23.713411331176758 seconds
2640 solved in 7.099997282028198 seconds
Exception ignored in: <function WeakSet.__init__.<locals>._remove at 0x76535bcb6980>
Traceback (most recent call last):
  File "/u/henryb/miniconda3/lib/python3.12/_weakrefset.py", line 39, in _remove
    def _remove(item, selfref=ref(self)):

stopit.utils.TimeoutException: 
Exception ignored in: <function WeakSet.__init__.<locals>._remove at 0x7a45c12b6980>
Traceback (most recent call last):
  File "/u/henryb/miniconda3/lib/python3.12/_weakrefset.py", line 39, in _remove
    def _remove(item, selfref=ref(self)):

stopit.utils.TimeoutException: 
Exception ignored in: <function WeakSet.__init__.<locals>._remove at 0x7fb4600b2980>
Traceback (most recent call last):
  File "/u/henryb/miniconda3/lib/python3.12/_weakrefset.py", line 39, in _remove
    def _remove(item, selfref=ref(self)):

stopit.utils.TimeoutException: 
2510 solved in 3.089663505554199 seconds
Exception ignored in: <function WeakSet.__init__.<locals>._remove at 0x7fb4600b2980>
Traceback (most recent call last):
  File "/u/henryb/miniconda3/lib/python3.12/_weakrefset.py", line 39, in _remove
    def _remove(item, selfref=ref(self)):

stopit.utils.TimeoutException: 
2527 solved in 4.827139377593994 seconds
2669 solved in 3.918613910675049 seconds
2557 solved in 2.7238569259643555 seconds
Exception ignored in: <function WeakSet.__init__.<locals>._remove at 0x7a45c12b6980>
Traceback (most recent call last):
  File "/u/henryb/miniconda3/lib/python3.12/_weakrefset.py", line 39, in _remove
    def _remove(item, selfref=ref(self)):

stopit.utils.TimeoutException: 
2799 solved in 45.38264608383179 seconds
2587 solved in 8.074209928512573 seconds
Exception ignored in: <function WeakSet.__init__.<locals>._remove at 0x7a45c12b6980>
Traceback (most recent call last):
  File "/u/henryb/miniconda3/lib/python3.12/_weakrefset.py", line 39, in _remove
    def _remove(item, selfref=ref(self)):

stopit.utils.TimeoutException: 
2636 solved in 27.974010944366455 seconds
2671 solved in 28.25273871421814 seconds
2617 unsolved in 2.0736804008483887 seconds
2922 unsolved in 29.53628158569336 seconds
2654 unsolved in 53.091681241989136 seconds
Exception ignored in: <function WeakSet.__init__.<locals>._remove at 0x7a45c12b6980>
Traceback (most recent call last):
  File "/u/henryb/miniconda3/lib/python3.12/_weakrefset.py", line 39, in _remove
    def _remove(item, selfref=ref(self)):

stopit.utils.TimeoutException: 
2701 solved in 7.356527328491211 seconds
2785 unsolved in 30.66562032699585 seconds
Exception ignored in: <function WeakSet.__init__.<locals>._remove at 0x7a45c12b6980>
Traceback (most recent call last):
  File "/u/henryb/miniconda3/lib/python3.12/_weakrefset.py", line 39, in _remove
    def _remove(item, selfref=ref(self)):

stopit.utils.TimeoutException: 
2731 solved in 5.140349388122559 seconds
2952 unsolved in 8.695884704589844 seconds
Exception ignored in: <function WeakSet.__init__.<locals>._remove at 0x7fac13296980>
Traceback (most recent call last):
  File "/u/henryb/miniconda3/lib/python3.12/_weakrefset.py", line 39, in _remove
    def _remove(item, selfref=ref(self)):

stopit.utils.TimeoutException: 
Exception ignored in: <function WeakSet.__init__.<locals>._remove at 0x743cfd5fa980>
Traceback (most recent call last):
  File "/u/henryb/miniconda3/lib/python3.12/_weakrefset.py", line 39, in _remove
    def _remove(item, selfref=ref(self)):

  File "/h/99/henryb/PyEuclid/pyeuclid/formalization/utils.py", line 29, in _handle_timeout
    raise TimeoutException("Operation timed out")
pyeuclid.formalization.utils.TimeoutException: Operation timed out
2666 solved in 18.719247102737427 seconds
2647 solved in 18.42561101913452 seconds
2684 unsolved in 14.70357060432434 seconds
2696 solved in 3.0301668643951416 seconds
2714 solved in 0.7665767669677734 seconds
Exception ignored in: <function WeakSet.__init__.<locals>._remove at 0x743cfd5fa980>
Traceback (most recent call last):
  File "/u/henryb/miniconda3/lib/python3.12/_weakrefset.py", line 39, in _remove
    def _remove(item, selfref=ref(self)):

stopit.utils.TimeoutException: 
2677 solved in 3.438000440597534 seconds
2744 solved in 1.3794691562652588 seconds
Exception ignored in: <function WeakSet.__init__.<locals>._remove at 0x7f42b04ba980>
Traceback (most recent call last):
  File "/u/henryb/miniconda3/lib/python3.12/_weakrefset.py", line 39, in _remove
    def _remove(item, selfref=ref(self)):

stopit.utils.TimeoutException: 
Exception ignored in: <function WeakSet.__init__.<locals>._remove at 0x7fac13296980>
Traceback (most recent call last):
  File "/u/henryb/miniconda3/lib/python3.12/_weakrefset.py", line 39, in _remove
    def _remove(item, selfref=ref(self)):

stopit.utils.TimeoutException: 
2774 solved in 2.1493732929229736 seconds
2726 solved in 4.780385971069336 seconds
Exception ignored in: <function WeakSet.__init__.<locals>._remove at 0x743cfd5fa980>
Traceback (most recent call last):
  File "/u/henryb/miniconda3/lib/python3.12/_weakrefset.py", line 39, in _remove
    def _remove(item, selfref=ref(self)):

stopit.utils.TimeoutException: 
2756 unsolved in 2.6249849796295166 seconds
2804 solved in 4.450368881225586 seconds
Exception ignored in: <function WeakSet.__init__.<locals>._remove at 0x76535bcb6980>
Traceback (most recent call last):
  File "/u/henryb/miniconda3/lib/python3.12/_weakrefset.py", line 39, in _remove
    def _remove(item, selfref=ref(self)):

stopit.utils.TimeoutException: 
Exception ignored in: <function WeakSet.__init__.<locals>._remove at 0x743cfd5fa980>
Traceback (most recent call last):
  File "/u/henryb/miniconda3/lib/python3.12/_weakrefset.py", line 39, in _remove
    def _remove(item, selfref=ref(self)):

stopit.utils.TimeoutException: 
2751 unsolved in 101.58193397521973 seconds
2786 solved in 5.93757176399231 seconds
2699 solved in 50.284775495529175 seconds
Exception ignored in: <function WeakSet.__init__.<locals>._remove at 0x76535bcb6980>
Traceback (most recent call last):
  File "/u/henryb/miniconda3/lib/python3.12/_weakrefset.py", line 39, in _remove
    def _remove(item, selfref=ref(self)):

stopit.utils.TimeoutException: 
2761 solved in 26.582508325576782 seconds
Exception ignored in: <function WeakSet.__init__.<locals>._remove at 0x743cfd5fa980>
Traceback (most recent call last):
  File "/u/henryb/miniconda3/lib/python3.12/_weakrefset.py", line 39, in _remove
    def _remove(item, selfref=ref(self)):

  File "/h/99/henryb/PyEuclid/pyeuclid/formalization/utils.py", line 29, in _handle_timeout
    raise TimeoutException("Operation timed out")
pyeuclid.formalization.utils.TimeoutException: Operation timed out
2707 solved in 17.259033679962158 seconds
2781 solved in 6.257855653762817 seconds
2737 solved in 2.1432182788848877 seconds
2811 solved in 2.034843921661377 seconds
2834 solved in 14.406212329864502 seconds
Exception ignored in: <function WeakSet.__init__.<locals>._remove at 0x78c03ce3a980>
Traceback (most recent call last):
  File "/u/henryb/miniconda3/lib/python3.12/_weakrefset.py", line 39, in _remove
    def _remove(item, selfref=ref(self)):

stopit.utils.TimeoutException: 
2816 unsolved in 10.587676048278809 seconds
Exception ignored in: <function WeakSet.__init__.<locals>._remove at 0x7fac13296980>
Traceback (most recent call last):
  File "/u/henryb/miniconda3/lib/python3.12/_weakrefset.py", line 39, in _remove
    def _remove(item, selfref=ref(self)):

stopit.utils.TimeoutException: 
2767 solved in 2.816683053970337 seconds
2841 solved in 2.6917715072631836 seconds
2864 solved in 2.835965156555176 seconds
2846 solved in 2.36462140083313 seconds
2871 solved in 1.899857521057129 seconds
Exception ignored in: <function WeakSet.__init__.<locals>._remove at 0x76535bcb6980>
Traceback (most recent call last):
  File "/u/henryb/miniconda3/lib/python3.12/_weakrefset.py", line 39, in _remove
    def _remove(item, selfref=ref(self)):

stopit.utils.TimeoutException: 
2538 solved in 154.15257263183594 seconds
2901 solved in 1.211240291595459 seconds
Exception ignored in: <function WeakSet.__init__.<locals>._remove at 0x743cfd5fa980>
Traceback (most recent call last):
  File "/u/henryb/miniconda3/lib/python3.12/_weakrefset.py", line 39, in _remove
    def _remove(item, selfref=ref(self)):

stopit.utils.TimeoutException: 
2568 solved in 1.4830126762390137 seconds
2633 error 
Traceback (most recent call last):
  File "/h/99/henryb/PyEuclid/tests/test.py", line 270, in test_geometry3k
    raise e
  File "/h/99/henryb/PyEuclid/tests/test.py", line 266, in test_geometry3k
    engine.run()
  File "/h/99/henryb/PyEuclid/pyeuclid/engine/engine.py", line 12, in run
    self.search()
  File "/h/99/henryb/PyEuclid/pyeuclid/engine/engine.py", line 25, in search
    self.algebraic_system.run()
  File "/h/99/henryb/PyEuclid/pyeuclid/engine/algebraic_system.py", line 329, in run
    self.solve_equation()
  File "/h/99/henryb/PyEuclid/pyeuclid/engine/algebraic_system.py", line 168, in solve_equation
    free, solved = self.elim([item for item in eqs if not item.redundant], var_types)
                   ^^^^^^^^^^^^^^^^^^^^^^^^^^^^^^^^^^^^^^^^^^^^^^^^^^^^^^^^^^^^^^^^^^
  File "/h/99/henryb/PyEuclid/pyeuclid/engine/algebraic_system.py", line 106, in elim
    eqn = self.process_equation(eqn, check=True)
          ^^^^^^^^^^^^^^^^^^^^^^^^^^^^^^^^^^^^^^
  File "/h/99/henryb/PyEuclid/pyeuclid/engine/algebraic_system.py", line 42, in process_equation
    assert False
           ^^^^^
AssertionError

2577 unsolved in 89.51368498802185 seconds
2797 solved in 7.152636289596558 seconds
Exception ignored in: <function WeakSet.__init__.<locals>._remove at 0x7fac13296980>
Traceback (most recent call last):
  File "/u/henryb/miniconda3/lib/python3.12/_weakrefset.py", line 39, in _remove
    def _remove(item, selfref=ref(self)):

  File "/h/99/henryb/PyEuclid/pyeuclid/formalization/utils.py", line 29, in _handle_timeout
    raise TimeoutException("Operation timed out")
pyeuclid.formalization.utils.TimeoutException: Operation timed out
Exception ignored in: <function WeakSet.__init__.<locals>._remove at 0x76535bcb6980>
Traceback (most recent call last):
  File "/u/henryb/miniconda3/lib/python3.12/_weakrefset.py", line 39, in _remove
    def _remove(item, selfref=ref(self)):

stopit.utils.TimeoutException: 
2729 error 
Traceback (most recent call last):
  File "/h/99/henryb/PyEuclid/tests/test.py", line 270, in test_geometry3k
    raise e
  File "/h/99/henryb/PyEuclid/tests/test.py", line 266, in test_geometry3k
    engine.run()
  File "/h/99/henryb/PyEuclid/pyeuclid/engine/engine.py", line 12, in run
    self.search()
  File "/h/99/henryb/PyEuclid/pyeuclid/engine/engine.py", line 25, in search
    self.algebraic_system.run()
  File "/h/99/henryb/PyEuclid/pyeuclid/engine/algebraic_system.py", line 329, in run
    self.solve_equation()
  File "/h/99/henryb/PyEuclid/pyeuclid/engine/algebraic_system.py", line 168, in solve_equation
    free, solved = self.elim([item for item in eqs if not item.redundant], var_types)
                   ^^^^^^^^^^^^^^^^^^^^^^^^^^^^^^^^^^^^^^^^^^^^^^^^^^^^^^^^^^^^^^^^^^
  File "/h/99/henryb/PyEuclid/pyeuclid/engine/algebraic_system.py", line 106, in elim
    eqn = self.process_equation(eqn, check=True)
          ^^^^^^^^^^^^^^^^^^^^^^^^^^^^^^^^^^^^^^
  File "/h/99/henryb/PyEuclid/pyeuclid/engine/algebraic_system.py", line 42, in process_equation
    assert False
           ^^^^^
AssertionError

2663 solved in 6.286442041397095 seconds
2598 solved in 6.974996328353882 seconds
2607 unsolved in 6.605651378631592 seconds
2931 solved in 9.723259210586548 seconds
2961 solved in 0.7282540798187256 seconds
2693 solved in 2.0600216388702393 seconds
Exception ignored in: <function WeakSet.__init__.<locals>._remove at 0x746bc2f6a980>
Traceback (most recent call last):
  File "/u/henryb/miniconda3/lib/python3.12/_weakrefset.py", line 39, in _remove
    def _remove(item, selfref=ref(self)):

stopit.utils.TimeoutException: 
Exception ignored in: <function WeakSet.__init__.<locals>._remove at 0x76535bcb6980>
Traceback (most recent call last):
  File "/u/henryb/miniconda3/lib/python3.12/_weakrefset.py", line 39, in _remove
    def _remove(item, selfref=ref(self)):

stopit.utils.TimeoutException: 
Exception ignored in: <function WeakSet.__init__.<locals>._remove at 0x7a45c12b6980>
Traceback (most recent call last):
  File "/u/henryb/miniconda3/lib/python3.12/_weakrefset.py", line 39, in _remove
    def _remove(item, selfref=ref(self)):

  File "/h/99/henryb/PyEuclid/pyeuclid/formalization/utils.py", line 29, in _handle_timeout
    raise TimeoutException("Operation timed out")
pyeuclid.formalization.utils.TimeoutException: Operation timed out
2827 solved in 8.962198972702026 seconds
2637 solved in 3.0318615436553955 seconds
2723 solved in 2.75122332572937 seconds
2759 error 
Traceback (most recent call last):
  File "/h/99/henryb/PyEuclid/tests/test.py", line 270, in test_geometry3k
    raise e
  File "/h/99/henryb/PyEuclid/tests/test.py", line 266, in test_geometry3k
    engine.run()
  File "/h/99/henryb/PyEuclid/pyeuclid/engine/engine.py", line 12, in run
    self.search()
  File "/h/99/henryb/PyEuclid/pyeuclid/engine/engine.py", line 25, in search
    self.algebraic_system.run()
  File "/h/99/henryb/PyEuclid/pyeuclid/engine/algebraic_system.py", line 329, in run
    self.solve_equation()
  File "/h/99/henryb/PyEuclid/pyeuclid/engine/algebraic_system.py", line 171, in solve_equation
    free, solved = self.elim(length_linear, var_types, remove_redundant=False)
                   ^^^^^^^^^^^^^^^^^^^^^^^^^^^^^^^^^^^^^^^^^^^^^^^^^^^^^^^^^^^
  File "/h/99/henryb/PyEuclid/pyeuclid/engine/algebraic_system.py", line 106, in elim
    eqn = self.process_equation(eqn, check=True)
          ^^^^^^^^^^^^^^^^^^^^^^^^^^^^^^^^^^^^^^
  File "/h/99/henryb/PyEuclid/pyeuclid/engine/algebraic_system.py", line 42, in process_equation
    assert False
           ^^^^^
AssertionError

2664 error 
Traceback (most recent call last):
  File "/h/99/henryb/PyEuclid/tests/test.py", line 270, in test_geometry3k
    raise e
  File "/h/99/henryb/PyEuclid/tests/test.py", line 266, in test_geometry3k
    engine.run()
  File "/h/99/henryb/PyEuclid/pyeuclid/engine/engine.py", line 12, in run
    self.search()
  File "/h/99/henryb/PyEuclid/pyeuclid/engine/engine.py", line 25, in search
    self.algebraic_system.run()
  File "/h/99/henryb/PyEuclid/pyeuclid/engine/algebraic_system.py", line 329, in run
    self.solve_equation()
  File "/h/99/henryb/PyEuclid/pyeuclid/engine/algebraic_system.py", line 171, in solve_equation
    free, solved = self.elim(length_linear, var_types, remove_redundant=False)
                   ^^^^^^^^^^^^^^^^^^^^^^^^^^^^^^^^^^^^^^^^^^^^^^^^^^^^^^^^^^^
  File "/h/99/henryb/PyEuclid/pyeuclid/engine/algebraic_system.py", line 130, in elim
    assert False
           ^^^^^
AssertionError

2876 unsolved in 18.73992681503296 seconds
Exception ignored in: <function WeakSet.__init__.<locals>._remove at 0x746bc2f6a980>
Traceback (most recent call last):
  File "/u/henryb/miniconda3/lib/python3.12/_weakrefset.py", line 39, in _remove
    def _remove(item, selfref=ref(self)):

stopit.utils.TimeoutException: 
Exception ignored in: <function WeakSet.__init__.<locals>._remove at 0x76535bcb6980>
Traceback (most recent call last):
  File "/u/henryb/miniconda3/lib/python3.12/_weakrefset.py", line 39, in _remove
    def _remove(item, selfref=ref(self)):

stopit.utils.TimeoutException: 
Exception ignored in: <function WeakSet.__init__.<locals>._remove at 0x76535bcb6980>
Traceback (most recent call last):
  File "/u/henryb/miniconda3/lib/python3.12/_weakrefset.py", line 39, in _remove
    def _remove(item, selfref=ref(self)):

stopit.utils.TimeoutException: 
2906 solved in 5.444763898849487 seconds
Exception ignored in: <function WeakSet.__init__.<locals>._remove at 0x746bc2f6a980>
Traceback (most recent call last):
  File "/u/henryb/miniconda3/lib/python3.12/_weakrefset.py", line 39, in _remove
    def _remove(item, selfref=ref(self)):

stopit.utils.TimeoutException: 
2857 solved in 10.489366054534912 seconds
Exception ignored in: <function WeakSet.__init__.<locals>._remove at 0x7f42b04ba980>
Traceback (most recent call last):
  File "/u/henryb/miniconda3/lib/python3.12/_weakrefset.py", line 39, in _remove
    def _remove(item, selfref=ref(self)):

stopit.utils.TimeoutException: 
Exception ignored in: <function WeakSet.__init__.<locals>._remove at 0x78c03ce3a980>
Traceback (most recent call last):
  File "/u/henryb/miniconda3/lib/python3.12/_weakrefset.py", line 39, in _remove
    def _remove(item, selfref=ref(self)):

stopit.utils.TimeoutException: 
2936 solved in 2.6593081951141357 seconds
Exception ignored in: <function WeakSet.__init__.<locals>._remove at 0x706c5b2ba980>
Traceback (most recent call last):
  File "/u/henryb/miniconda3/lib/python3.12/_weakrefset.py", line 39, in _remove
    def _remove(item, selfref=ref(self)):

stopit.utils.TimeoutException: 
2791 unsolved in 37.77102279663086 seconds
Exception ignored in: <function WeakSet.__init__.<locals>._remove at 0x78c03ce3a980>
Traceback (most recent call last):
  File "/u/henryb/miniconda3/lib/python3.12/_weakrefset.py", line 39, in _remove
    def _remove(item, selfref=ref(self)):

  File "/h/99/henryb/PyEuclid/pyeuclid/formalization/utils.py", line 29, in _handle_timeout
    raise TimeoutException("Operation timed out")
pyeuclid.formalization.utils.TimeoutException: Operation timed out
Exception ignored in: <function WeakSet.__init__.<locals>._remove at 0x746bc2f6a980>
Traceback (most recent call last):
  File "/u/henryb/miniconda3/lib/python3.12/_weakrefset.py", line 39, in _remove
    def _remove(item, selfref=ref(self)):

stopit.utils.TimeoutException: 
2667 solved in 17.566869735717773 seconds
2821 solved in 3.6284711360931396 seconds
2851 solved in 0.7346978187561035 seconds
2697 solved in 0.751793622970581 seconds
Exception ignored in: <function WeakSet.__init__.<locals>._remove at 0x7fac13296980>
Traceback (most recent call last):
  File "/u/henryb/miniconda3/lib/python3.12/_weakrefset.py", line 39, in _remove
    def _remove(item, selfref=ref(self)):

stopit.utils.TimeoutException: 
Exception ignored in: <function WeakSet.__init__.<locals>._remove at 0x706c5b2ba980>
Traceback (most recent call last):
  File "/u/henryb/miniconda3/lib/python3.12/_weakrefset.py", line 39, in _remove
    def _remove(item, selfref=ref(self)):

stopit.utils.TimeoutException: 
2727 solved in 1.817814826965332 seconds
2966 solved in 10.46119499206543 seconds
2694 solved in 20.325124263763428 seconds
Exception ignored in: <function WeakSet.__init__.<locals>._remove at 0x76535bcb6980>
Traceback (most recent call last):
  File "/u/henryb/miniconda3/lib/python3.12/_weakrefset.py", line 39, in _remove
    def _remove(item, selfref=ref(self)):

stopit.utils.TimeoutException: 
Exception ignored in: <function WeakSet.__init__.<locals>._remove at 0x71b91acb6980>
Traceback (most recent call last):
  File "/u/henryb/miniconda3/lib/python3.12/_weakrefset.py", line 39, in _remove
    def _remove(item, selfref=ref(self)):

stopit.utils.TimeoutException: 
2458 solved in 12.900813102722168 seconds
Exception ignored in: <function WeakSet.__init__.<locals>._remove at 0x78c03ce3a980>
Traceback (most recent call last):
  File "/u/henryb/miniconda3/lib/python3.12/_weakrefset.py", line 39, in _remove
    def _remove(item, selfref=ref(self)):

stopit.utils.TimeoutException: 
Exception ignored in: <function WeakSet.__init__.<locals>._remove at 0x7f42b04ba980>
Traceback (most recent call last):
  File "/u/henryb/miniconda3/lib/python3.12/_weakrefset.py", line 39, in _remove
    def _remove(item, selfref=ref(self)):

stopit.utils.TimeoutException: 
Exception ignored in: <function WeakSet.__init__.<locals>._remove at 0x703578eba980>
Traceback (most recent call last):
  File "/u/henryb/miniconda3/lib/python3.12/_weakrefset.py", line 39, in _remove
    def _remove(item, selfref=ref(self)):

  File "/h/99/henryb/PyEuclid/pyeuclid/formalization/utils.py", line 29, in _handle_timeout
    raise TimeoutException("Operation timed out")
pyeuclid.formalization.utils.TimeoutException: Operation timed out
Exception ignored in: <function WeakSet.__init__.<locals>._remove at 0x7fac13296980>
Traceback (most recent call last):
  File "/u/henryb/miniconda3/lib/python3.12/_weakrefset.py", line 39, in _remove
    def _remove(item, selfref=ref(self)):

stopit.utils.TimeoutException: 
2488 solved in 1.352902889251709 seconds
2996 solved in 6.739529132843018 seconds
.
----------------------------------------------------------------------
Ran 1 test in 242.094s

OK
2753 solved in 28.537842750549316 seconds
Exception ignored in: <function WeakSet.__init__.<locals>._remove at 0x7f4f8f9ae980>
Traceback (most recent call last):
  File "/u/henryb/miniconda3/lib/python3.12/_weakrefset.py", line 39, in _remove
    def _remove(item, selfref=ref(self)):

stopit.utils.TimeoutException: 
Exception ignored in: <function WeakSet.__init__.<locals>._remove at 0x76535bcb6980>
Traceback (most recent call last):
  File "/u/henryb/miniconda3/lib/python3.12/_weakrefset.py", line 39, in _remove
    def _remove(item, selfref=ref(self)):

stopit.utils.TimeoutException: 
2518 solved in 2.7705535888671875 seconds
Exception ignored in: <function WeakSet.__init__.<locals>._remove at 0x76535bcb6980>
Traceback (most recent call last):
  File "/u/henryb/miniconda3/lib/python3.12/_weakrefset.py", line 39, in _remove
    def _remove(item, selfref=ref(self)):

stopit.utils.TimeoutException: 
2789 solved in 30.126092672348022 seconds
2991 solved in 35.29560351371765 seconds
Exception ignored in: <function WeakSet.__init__.<locals>._remove at 0x703578eba980>
Traceback (most recent call last):
  File "/u/henryb/miniconda3/lib/python3.12/_weakrefset.py", line 39, in _remove
    def _remove(item, selfref=ref(self)):

stopit.utils.TimeoutException: 
.
----------------------------------------------------------------------
Ran 1 test in 245.837s

OK
2724 solved in 12.199038982391357 seconds
Exception ignored in: <function WeakSet.__init__.<locals>._remove at 0x7a45c12b6980>
Traceback (most recent call last):
  File "/u/henryb/miniconda3/lib/python3.12/_weakrefset.py", line 39, in _remove
    def _remove(item, selfref=ref(self)):

  File "/h/99/henryb/PyEuclid/pyeuclid/formalization/utils.py", line 29, in _handle_timeout
    raise TimeoutException("Operation timed out")
pyeuclid.formalization.utils.TimeoutException: Operation timed out
2783 solved in 5.694878101348877 seconds
2548 solved in 4.659687519073486 seconds
2754 solved in 2.648005485534668 seconds
Exception ignored in: <function WeakSet.__init__.<locals>._remove at 0x703578eba980>
Traceback (most recent call last):
  File "/u/henryb/miniconda3/lib/python3.12/_weakrefset.py", line 39, in _remove
    def _remove(item, selfref=ref(self)):

  File "/h/99/henryb/PyEuclid/pyeuclid/formalization/utils.py", line 29, in _handle_timeout
    raise TimeoutException("Operation timed out")
pyeuclid.formalization.utils.TimeoutException: Operation timed out
Exception ignored in: <function WeakSet.__init__.<locals>._remove at 0x706c5b2ba980>
Traceback (most recent call last):
  File "/u/henryb/miniconda3/lib/python3.12/_weakrefset.py", line 39, in _remove
    def _remove(item, selfref=ref(self)):

  File "/h/99/henryb/PyEuclid/pyeuclid/formalization/utils.py", line 29, in _handle_timeout
    raise TimeoutException("Operation timed out")
pyeuclid.formalization.utils.TimeoutException: Operation timed out
2881 solved in 23.01394271850586 seconds
2887 error 
Traceback (most recent call last):
  File "/h/99/henryb/PyEuclid/tests/test.py", line 270, in test_geometry3k
    raise e
  File "/h/99/henryb/PyEuclid/tests/test.py", line 266, in test_geometry3k
    engine.run()
  File "/h/99/henryb/PyEuclid/pyeuclid/engine/engine.py", line 12, in run
    self.search()
  File "/h/99/henryb/PyEuclid/pyeuclid/engine/engine.py", line 25, in search
    self.algebraic_system.run()
  File "/h/99/henryb/PyEuclid/pyeuclid/engine/algebraic_system.py", line 329, in run
    self.solve_equation()
  File "/h/99/henryb/PyEuclid/pyeuclid/engine/algebraic_system.py", line 168, in solve_equation
    free, solved = self.elim([item for item in eqs if not item.redundant], var_types)
                   ^^^^^^^^^^^^^^^^^^^^^^^^^^^^^^^^^^^^^^^^^^^^^^^^^^^^^^^^^^^^^^^^^^
  File "/h/99/henryb/PyEuclid/pyeuclid/engine/algebraic_system.py", line 106, in elim
    eqn = self.process_equation(eqn, check=True)
          ^^^^^^^^^^^^^^^^^^^^^^^^^^^^^^^^^^^^^^
  File "/h/99/henryb/PyEuclid/pyeuclid/engine/algebraic_system.py", line 42, in process_equation
    assert False
           ^^^^^
AssertionError

2813 unsolved in 6.613533973693848 seconds
2911 unsolved in 2.503908634185791 seconds
2628 solved in 50.37360620498657 seconds
2784 unsolved in 6.8487708568573 seconds
Exception ignored in: <function WeakSet.__init__.<locals>._remove at 0x7fac13296980>
Traceback (most recent call last):
  File "/u/henryb/miniconda3/lib/python3.12/_weakrefset.py", line 39, in _remove
    def _remove(item, selfref=ref(self)):

stopit.utils.TimeoutException: 
2819 solved in 13.904048681259155 seconds
Exception ignored in: <function WeakSet.__init__.<locals>._remove at 0x7f4f8f9ae980>
Traceback (most recent call last):
  File "/u/henryb/miniconda3/lib/python3.12/_weakrefset.py", line 39, in _remove
    def _remove(item, selfref=ref(self)):

stopit.utils.TimeoutException: 
Exception ignored in: <function WeakSet.__init__.<locals>._remove at 0x76535bcb6980>
Traceback (most recent call last):
  File "/u/henryb/miniconda3/lib/python3.12/_weakrefset.py", line 39, in _remove
    def _remove(item, selfref=ref(self)):

  File "/h/99/henryb/PyEuclid/pyeuclid/formalization/utils.py", line 29, in _handle_timeout
    raise TimeoutException("Operation timed out")
pyeuclid.formalization.utils.TimeoutException: Operation timed out
2658 unsolved in 6.386660099029541 seconds
2917 solved in 13.53756308555603 seconds
2814 solved in 10.568573236465454 seconds
2843 solved in 13.895443439483643 seconds
Exception ignored in: <function WeakSet.__init__.<locals>._remove at 0x7f4f8f9ae980>
Traceback (most recent call last):
  File "/u/henryb/miniconda3/lib/python3.12/_weakrefset.py", line 39, in _remove
    def _remove(item, selfref=ref(self)):

stopit.utils.TimeoutException: 
2947 solved in 2.3756518363952637 seconds
2873 solved in 2.0665671825408936 seconds
Exception ignored in: <function WeakSet.__init__.<locals>._remove at 0x706c5b2ba980>
Traceback (most recent call last):
  File "/u/henryb/miniconda3/lib/python3.12/_weakrefset.py", line 39, in _remove
    def _remove(item, selfref=ref(self)):

  File "/h/99/henryb/PyEuclid/pyeuclid/formalization/utils.py", line 29, in _handle_timeout
    raise TimeoutException("Operation timed out")
pyeuclid.formalization.utils.TimeoutException: Operation timed out
2903 solved in 2.7257790565490723 seconds
Exception ignored in: <function WeakSet.__init__.<locals>._remove at 0x7f4f8f9ae980>
Traceback (most recent call last):
  File "/u/henryb/miniconda3/lib/python3.12/_weakrefset.py", line 39, in _remove
    def _remove(item, selfref=ref(self)):

  File "/h/99/henryb/PyEuclid/pyeuclid/formalization/utils.py", line 29, in _handle_timeout
    raise TimeoutException("Operation timed out")
pyeuclid.formalization.utils.TimeoutException: Operation timed out
2688 solved in 13.185953140258789 seconds
Exception ignored in: <function WeakSet.__init__.<locals>._remove at 0x76535bcb6980>
Traceback (most recent call last):
  File "/u/henryb/miniconda3/lib/python3.12/_weakrefset.py", line 39, in _remove
    def _remove(item, selfref=ref(self)):

stopit.utils.TimeoutException: 
2718 solved in 2.0787315368652344 seconds
2748 solved in 1.2745721340179443 seconds
Exception ignored in: <function WeakSet.__init__.<locals>._remove at 0x706c5b2ba980>
Traceback (most recent call last):
  File "/u/henryb/miniconda3/lib/python3.12/_weakrefset.py", line 39, in _remove
    def _remove(item, selfref=ref(self)):

stopit.utils.TimeoutException: 
2977 unsolved in 12.173974752426147 seconds
.
----------------------------------------------------------------------
Ran 1 test in 288.006s

OK
Exception ignored in: <function WeakSet.__init__.<locals>._remove at 0x706c5b2ba980>
Traceback (most recent call last):
  File "/u/henryb/miniconda3/lib/python3.12/_weakrefset.py", line 39, in _remove
    def _remove(item, selfref=ref(self)):

  File "/h/99/henryb/PyEuclid/pyeuclid/formalization/utils.py", line 29, in _handle_timeout
    raise TimeoutException("Operation timed out")
pyeuclid.formalization.utils.TimeoutException: Operation timed out
Exception ignored in: <function WeakSet.__init__.<locals>._remove at 0x706c5b2ba980>
Traceback (most recent call last):
  File "/u/henryb/miniconda3/lib/python3.12/_weakrefset.py", line 39, in _remove
    def _remove(item, selfref=ref(self)):

stopit.utils.TimeoutException: 
2844 solved in 23.231136322021484 seconds
2933 solved in 22.473684787750244 seconds
2452 solved in 291.4874384403229 seconds
2482 solved in 1.6449122428894043 seconds
2963 solved in 4.637093544006348 seconds
Exception ignored in: <function WeakSet.__init__.<locals>._remove at 0x71b91acb6980>
Traceback (most recent call last):
  File "/u/henryb/miniconda3/lib/python3.12/_weakrefset.py", line 39, in _remove
    def _remove(item, selfref=ref(self)):

  File "/h/99/henryb/PyEuclid/pyeuclid/formalization/utils.py", line 29, in _handle_timeout
    raise TimeoutException("Operation timed out")
pyeuclid.formalization.utils.TimeoutException: Operation timed out
Exception ignored in: <function WeakSet.__init__.<locals>._remove at 0x706c5b2ba980>
Traceback (most recent call last):
  File "/u/henryb/miniconda3/lib/python3.12/_weakrefset.py", line 39, in _remove
    def _remove(item, selfref=ref(self)):

  File "/h/99/henryb/PyEuclid/pyeuclid/formalization/utils.py", line 29, in _handle_timeout
    raise TimeoutException("Operation timed out")
pyeuclid.formalization.utils.TimeoutException: Operation timed out
Exception ignored in: <function WeakSet.__init__.<locals>._remove at 0x7fb4600b2980>
Traceback (most recent call last):
  File "/u/henryb/miniconda3/lib/python3.12/_weakrefset.py", line 39, in _remove
    def _remove(item, selfref=ref(self)):

stopit.utils.TimeoutException: 
Exception ignored in: <function WeakSet.__init__.<locals>._remove at 0x7fb4600b2980>
Traceback (most recent call last):
  File "/u/henryb/miniconda3/lib/python3.12/_weakrefset.py", line 39, in _remove
    def _remove(item, selfref=ref(self)):

stopit.utils.TimeoutException: 
2512 solved in 9.508126497268677 seconds
2542 solved in 0.4622318744659424 seconds
2572 solved in 0.8893756866455078 seconds
2602 solved in 0.39810776710510254 seconds
2874 error 
Traceback (most recent call last):
  File "/h/99/henryb/PyEuclid/tests/test.py", line 270, in test_geometry3k
    raise e
  File "/h/99/henryb/PyEuclid/tests/test.py", line 266, in test_geometry3k
    engine.run()
  File "/h/99/henryb/PyEuclid/pyeuclid/engine/engine.py", line 12, in run
    self.search()
  File "/h/99/henryb/PyEuclid/pyeuclid/engine/engine.py", line 25, in search
    self.algebraic_system.run()
  File "/h/99/henryb/PyEuclid/pyeuclid/engine/algebraic_system.py", line 329, in run
    self.solve_equation()
  File "/h/99/henryb/PyEuclid/pyeuclid/engine/algebraic_system.py", line 171, in solve_equation
    free, solved = self.elim(length_linear, var_types, remove_redundant=False)
                   ^^^^^^^^^^^^^^^^^^^^^^^^^^^^^^^^^^^^^^^^^^^^^^^^^^^^^^^^^^^
  File "/h/99/henryb/PyEuclid/pyeuclid/engine/algebraic_system.py", line 106, in elim
    eqn = self.process_equation(eqn, check=True)
          ^^^^^^^^^^^^^^^^^^^^^^^^^^^^^^^^^^^^^^
  File "/h/99/henryb/PyEuclid/pyeuclid/engine/algebraic_system.py", line 42, in process_equation
    assert False
           ^^^^^
AssertionError

2778 unsolved in 36.387853145599365 seconds
2993 solved in 14.275867223739624 seconds
.
----------------------------------------------------------------------
Ran 1 test in 320.439s

OK
2904 solved in 1.459589958190918 seconds
Exception ignored in: <function WeakSet.__init__.<locals>._remove at 0x706c5b2ba980>
Traceback (most recent call last):
  File "/u/henryb/miniconda3/lib/python3.12/_weakrefset.py", line 39, in _remove
    def _remove(item, selfref=ref(self)):

stopit.utils.TimeoutException: 
2934 solved in 2.1028192043304443 seconds
2808 solved in 6.839507102966309 seconds
2632 unsolved in 10.461101770401001 seconds
2578 unsolved in 79.92469477653503 seconds
Exception ignored in: <function WeakSet.__init__.<locals>._remove at 0x7fb4600b2980>
Traceback (most recent call last):
  File "/u/henryb/miniconda3/lib/python3.12/_weakrefset.py", line 39, in _remove
    def _remove(item, selfref=ref(self)):

  File "/h/99/henryb/PyEuclid/pyeuclid/formalization/utils.py", line 29, in _handle_timeout
    raise TimeoutException("Operation timed out")
pyeuclid.formalization.utils.TimeoutException: Operation timed out
2608 solved in 2.2424190044403076 seconds
2662 solved in 7.352287292480469 seconds
2638 solved in 2.6436800956726074 seconds
2964 solved in 16.102599382400513 seconds
Exception ignored in: <function WeakSet.__init__.<locals>._remove at 0x7f4f8f9ae980>
Traceback (most recent call last):
  File "/u/henryb/miniconda3/lib/python3.12/_weakrefset.py", line 39, in _remove
    def _remove(item, selfref=ref(self)):

  File "/h/99/henryb/PyEuclid/pyeuclid/formalization/utils.py", line 29, in _handle_timeout
    raise TimeoutException("Operation timed out")
pyeuclid.formalization.utils.TimeoutException: Operation timed out
Exception ignored in: <function WeakSet.__init__.<locals>._remove at 0x7fb4600b2980>
Traceback (most recent call last):
  File "/u/henryb/miniconda3/lib/python3.12/_weakrefset.py", line 39, in _remove
    def _remove(item, selfref=ref(self)):

stopit.utils.TimeoutException: 
2668 solved in 5.385881662368774 seconds
2698 solved in 4.3641276359558105 seconds
Exception ignored in: <function WeakSet.__init__.<locals>._remove at 0x7f4f8f9ae980>
Traceback (most recent call last):
  File "/u/henryb/miniconda3/lib/python3.12/_weakrefset.py", line 39, in _remove
    def _remove(item, selfref=ref(self)):

  File "/h/99/henryb/PyEuclid/pyeuclid/formalization/utils.py", line 29, in _handle_timeout
    raise TimeoutException("Operation timed out")
pyeuclid.formalization.utils.TimeoutException: Operation timed out
2838 solved in 22.063697576522827 seconds
2692 solved in 13.88631796836853 seconds
2868 solved in 2.588047981262207 seconds
Exception ignored in: <function WeakSet.__init__.<locals>._remove at 0x7fb4600b2980>
Traceback (most recent call last):
  File "/u/henryb/miniconda3/lib/python3.12/_weakrefset.py", line 39, in _remove
    def _remove(item, selfref=ref(self)):

stopit.utils.TimeoutException: 
2670 solved in 230.52645182609558 seconds
Exception ignored in: <function WeakSet.__init__.<locals>._remove at 0x706c5b2ba980>
Traceback (most recent call last):
  File "/u/henryb/miniconda3/lib/python3.12/_weakrefset.py", line 39, in _remove
    def _remove(item, selfref=ref(self)):

stopit.utils.TimeoutException: 
2722 unsolved in 10.824347972869873 seconds
2700 solved in 3.9279963970184326 seconds
2730 solved in 2.0732083320617676 seconds
2760 solved in 0.22472286224365234 seconds
2790 error Centroid.__init__() takes 5 positional arguments but 8 were given
Traceback (most recent call last):
  File "/h/99/henryb/PyEuclid/tests/test.py", line 246, in test_geometry3k
    exec(file.read(), namespace)
  File "<string>", line 7, in <module>
TypeError: Centroid.__init__() takes 5 positional arguments but 8 were given

2820 solved in 0.015480518341064453 seconds
Exception ignored in: <function WeakSet.__init__.<locals>._remove at 0x71b91acb6980>
Traceback (most recent call last):
  File "/u/henryb/miniconda3/lib/python3.12/_weakrefset.py", line 39, in _remove
    def _remove(item, selfref=ref(self)):

stopit.utils.TimeoutException: 
Exception ignored in: <function WeakSet.__init__.<locals>._remove at 0x7f4f8f9ae980>
Traceback (most recent call last):
  File "/u/henryb/miniconda3/lib/python3.12/_weakrefset.py", line 39, in _remove
    def _remove(item, selfref=ref(self)):

stopit.utils.TimeoutException: 
2850 solved in 9.807172536849976 seconds
Exception ignored in: <function WeakSet.__init__.<locals>._remove at 0x71b91acb6980>
Traceback (most recent call last):
  File "/u/henryb/miniconda3/lib/python3.12/_weakrefset.py", line 39, in _remove
    def _remove(item, selfref=ref(self)):

stopit.utils.TimeoutException: 
Exception ignored in: <function WeakSet.__init__.<locals>._remove at 0x706c5b2ba980>
Traceback (most recent call last):
  File "/u/henryb/miniconda3/lib/python3.12/_weakrefset.py", line 39, in _remove
    def _remove(item, selfref=ref(self)):

stopit.utils.TimeoutException: 
2880 solved in 8.025784015655518 seconds
2898 solved in 34.641521692276 seconds
2910 error 
Traceback (most recent call last):
  File "/h/99/henryb/PyEuclid/tests/test.py", line 270, in test_geometry3k
    raise e
  File "/h/99/henryb/PyEuclid/tests/test.py", line 266, in test_geometry3k
    engine.run()
  File "/h/99/henryb/PyEuclid/pyeuclid/engine/engine.py", line 12, in run
    self.search()
  File "/h/99/henryb/PyEuclid/pyeuclid/engine/engine.py", line 25, in search
    self.algebraic_system.run()
  File "/h/99/henryb/PyEuclid/pyeuclid/engine/algebraic_system.py", line 329, in run
    self.solve_equation()
  File "/h/99/henryb/PyEuclid/pyeuclid/engine/algebraic_system.py", line 171, in solve_equation
    free, solved = self.elim(length_linear, var_types, remove_redundant=False)
                   ^^^^^^^^^^^^^^^^^^^^^^^^^^^^^^^^^^^^^^^^^^^^^^^^^^^^^^^^^^^
  File "/h/99/henryb/PyEuclid/pyeuclid/engine/algebraic_system.py", line 159, in elim
    assert False
           ^^^^^
AssertionError

Exception ignored in: <function WeakSet.__init__.<locals>._remove at 0x7f4f8f9ae980>
Traceback (most recent call last):
  File "/u/henryb/miniconda3/lib/python3.12/_weakrefset.py", line 39, in _remove
    def _remove(item, selfref=ref(self)):

stopit.utils.TimeoutException: 
2728 solved in 44.21151089668274 seconds
2758 solved in 1.8673303127288818 seconds
2788 solved in 7.651009798049927 seconds
Exception ignored in: <function WeakSet.__init__.<locals>._remove at 0x7f4f8f9ae980>
Traceback (most recent call last):
  File "/u/henryb/miniconda3/lib/python3.12/_weakrefset.py", line 39, in _remove
    def _remove(item, selfref=ref(self)):

  File "/h/99/henryb/PyEuclid/pyeuclid/formalization/utils.py", line 29, in _handle_timeout
    raise TimeoutException("Operation timed out")
pyeuclid.formalization.utils.TimeoutException: Operation timed out
2818 solved in 2.013805627822876 seconds
2848 unsolved in 1.9745850563049316 seconds
2878 unsolved in 3.1497414112091064 seconds
Exception ignored in: <function WeakSet.__init__.<locals>._remove at 0x7f4f8f9ae980>
Traceback (most recent call last):
  File "/u/henryb/miniconda3/lib/python3.12/_weakrefset.py", line 39, in _remove
    def _remove(item, selfref=ref(self)):

stopit.utils.TimeoutException: 
2526 solved in 345.0413815975189 seconds
Exception ignored in: <function WeakSet.__init__.<locals>._remove at 0x7f4f8f9ae980>
Traceback (most recent call last):
  File "/u/henryb/miniconda3/lib/python3.12/_weakrefset.py", line 39, in _remove
    def _remove(item, selfref=ref(self)):

stopit.utils.TimeoutException: 
Exception ignored in: <function WeakSet.__init__.<locals>._remove at 0x7510bfdbe980>
Traceback (most recent call last):
  File "/u/henryb/miniconda3/lib/python3.12/_weakrefset.py", line 39, in _remove
    def _remove(item, selfref=ref(self)):

stopit.utils.TimeoutException: 
Exception ignored in: <function WeakSet.__init__.<locals>._remove at 0x71b91acb6980>
Traceback (most recent call last):
  File "/u/henryb/miniconda3/lib/python3.12/_weakrefset.py", line 39, in _remove
    def _remove(item, selfref=ref(self)):

stopit.utils.TimeoutException: 
2908 solved in 15.828648328781128 seconds
2845 solved in 282.83147644996643 seconds
Exception ignored in: <function WeakSet.__init__.<locals>._remove at 0x7f4f8f9ae980>
Traceback (most recent call last):
  File "/u/henryb/miniconda3/lib/python3.12/_weakrefset.py", line 39, in _remove
    def _remove(item, selfref=ref(self)):

stopit.utils.TimeoutException: 
2875 solved in 6.24612832069397 seconds
2940 solved in 52.38677787780762 seconds
Exception ignored in: <function WeakSet.__init__.<locals>._remove at 0x7f4f8f9ae980>
Traceback (most recent call last):
  File "/u/henryb/miniconda3/lib/python3.12/_weakrefset.py", line 39, in _remove
    def _remove(item, selfref=ref(self)):

stopit.utils.TimeoutException: 
Exception ignored in: <function WeakSet.__init__.<locals>._remove at 0x7f4f8f9ae980>
Traceback (most recent call last):
  File "/u/henryb/miniconda3/lib/python3.12/_weakrefset.py", line 39, in _remove
    def _remove(item, selfref=ref(self)):

stopit.utils.TimeoutException: 
2556 solved in 37.14060163497925 seconds
2586 solved in 0.9003686904907227 seconds
2905 unsolved in 15.925309181213379 seconds
Exception ignored in: <function WeakSet.__init__.<locals>._remove at 0x7f4f8f9ae980>
Traceback (most recent call last):
  File "/u/henryb/miniconda3/lib/python3.12/_weakrefset.py", line 39, in _remove
    def _remove(item, selfref=ref(self)):

stopit.utils.TimeoutException: 
2935 unsolved in 1.1650571823120117 seconds
2965 solved in 0.6757855415344238 seconds
Exception ignored in: <function WeakSet.__init__.<locals>._remove at 0x7f4f8f9ae980>
Traceback (most recent call last):
  File "/u/henryb/miniconda3/lib/python3.12/_weakrefset.py", line 39, in _remove
    def _remove(item, selfref=ref(self)):

stopit.utils.TimeoutException: 
2928 solved in 81.78001713752747 seconds
2995 solved in 7.871821165084839 seconds
.
----------------------------------------------------------------------
Ran 1 test in 473.221s

OK
2540 solved in 344.6622984409332 seconds
2616 unsolved in 18.366106033325195 seconds
2970 solved in 32.64425015449524 seconds
2958 error 
Traceback (most recent call last):
  File "/h/99/henryb/PyEuclid/tests/test.py", line 270, in test_geometry3k
    raise e
  File "/h/99/henryb/PyEuclid/tests/test.py", line 266, in test_geometry3k
    engine.run()
  File "/h/99/henryb/PyEuclid/pyeuclid/engine/engine.py", line 12, in run
    self.search()
  File "/h/99/henryb/PyEuclid/pyeuclid/engine/engine.py", line 25, in search
    self.algebraic_system.run()
  File "/h/99/henryb/PyEuclid/pyeuclid/engine/algebraic_system.py", line 329, in run
    self.solve_equation()
  File "/h/99/henryb/PyEuclid/pyeuclid/engine/algebraic_system.py", line 171, in solve_equation
    free, solved = self.elim(length_linear, var_types, remove_redundant=False)
                   ^^^^^^^^^^^^^^^^^^^^^^^^^^^^^^^^^^^^^^^^^^^^^^^^^^^^^^^^^^^
  File "/h/99/henryb/PyEuclid/pyeuclid/engine/algebraic_system.py", line 159, in elim
    assert False
           ^^^^^
AssertionError

Exception ignored in: <function WeakSet.__init__.<locals>._remove at 0x7cde705e2980>
Traceback (most recent call last):
  File "/u/henryb/miniconda3/lib/python3.12/_weakrefset.py", line 39, in _remove
    def _remove(item, selfref=ref(self)):

stopit.utils.TimeoutException: 
2570 unsolved in 6.3662109375 seconds
2646 unsolved in 4.254884958267212 seconds
2600 solved in 3.5853610038757324 seconds
Exception ignored in: <function WeakSet.__init__.<locals>._remove at 0x7cde705e2980>
Traceback (most recent call last):
  File "/u/henryb/miniconda3/lib/python3.12/_weakrefset.py", line 39, in _remove
    def _remove(item, selfref=ref(self)):

stopit.utils.TimeoutException: 
2988 solved in 8.894660711288452 seconds
.
----------------------------------------------------------------------
Ran 1 test in 489.430s

OK
2676 unsolved in 10.774584293365479 seconds
2706 unsolved in 1.660918951034546 seconds
Exception ignored in: <function WeakSet.__init__.<locals>._remove at 0x7510bfdbe980>
Traceback (most recent call last):
  File "/u/henryb/miniconda3/lib/python3.12/_weakrefset.py", line 39, in _remove
    def _remove(item, selfref=ref(self)):

stopit.utils.TimeoutException: 
2736 solved in 4.522339582443237 seconds
Exception ignored in: <function WeakSet.__init__.<locals>._remove at 0x7510bfdbe980>
Traceback (most recent call last):
  File "/u/henryb/miniconda3/lib/python3.12/_weakrefset.py", line 39, in _remove
    def _remove(item, selfref=ref(self)):

  File "/h/99/henryb/PyEuclid/pyeuclid/formalization/utils.py", line 29, in _handle_timeout
    raise TimeoutException("Operation timed out")
pyeuclid.formalization.utils.TimeoutException: Operation timed out
3000 solved in 22.959184646606445 seconds
.
----------------------------------------------------------------------
Ran 1 test in 502.967s

OK
Exception ignored in: <function WeakSet.__init__.<locals>._remove at 0x7fb4600b2980>
Traceback (most recent call last):
  File "/u/henryb/miniconda3/lib/python3.12/_weakrefset.py", line 39, in _remove
    def _remove(item, selfref=ref(self)):

stopit.utils.TimeoutException: 
2766 solved in 4.919344425201416 seconds
2796 wrong solution in 9.357498168945312 seconds
Exception ignored in: <function WeakSet.__init__.<locals>._remove at 0x7fb4600b2980>
Traceback (most recent call last):
  File "/u/henryb/miniconda3/lib/python3.12/_weakrefset.py", line 39, in _remove
    def _remove(item, selfref=ref(self)):

stopit.utils.TimeoutException: 
2630 solved in 62.169864654541016 seconds
2660 solved in 2.38077712059021 seconds
2690 solved in 2.8430464267730713 seconds
Exception ignored in: <function WeakSet.__init__.<locals>._remove at 0x7fb4600b2980>
Traceback (most recent call last):
  File "/u/henryb/miniconda3/lib/python3.12/_weakrefset.py", line 39, in _remove
    def _remove(item, selfref=ref(self)):

stopit.utils.TimeoutException: 
2506 solved in 485.38967990875244 seconds
2720 solved in 22.51487946510315 seconds
Exception ignored in: <function WeakSet.__init__.<locals>._remove at 0x7fb4600b2980>
Traceback (most recent call last):
  File "/u/henryb/miniconda3/lib/python3.12/_weakrefset.py", line 39, in _remove
    def _remove(item, selfref=ref(self)):

  File "/h/99/henryb/PyEuclid/pyeuclid/formalization/utils.py", line 29, in _handle_timeout
    raise TimeoutException("Operation timed out")
pyeuclid.formalization.utils.TimeoutException: Operation timed out
Exception ignored in: <function WeakSet.__init__.<locals>._remove at 0x7fb4600b2980>
Traceback (most recent call last):
  File "/u/henryb/miniconda3/lib/python3.12/_weakrefset.py", line 39, in _remove
    def _remove(item, selfref=ref(self)):

stopit.utils.TimeoutException: 
2536 solved in 34.815778732299805 seconds
Exception ignored in: <function WeakSet.__init__.<locals>._remove at 0x7fb4600b2980>
Traceback (most recent call last):
  File "/u/henryb/miniconda3/lib/python3.12/_weakrefset.py", line 39, in _remove
    def _remove(item, selfref=ref(self)):

stopit.utils.TimeoutException: 
2566 unsolved in 7.700566053390503 seconds
2596 solved in 0.6437673568725586 seconds
Exception ignored in: <function WeakSet.__init__.<locals>._remove at 0x73e981c7a980>
Traceback (most recent call last):
  File "/u/henryb/miniconda3/lib/python3.12/_weakrefset.py", line 39, in _remove
    def _remove(item, selfref=ref(self)):

stopit.utils.TimeoutException: 
2626 solved in 8.382416486740112 seconds
Exception ignored in: <function WeakSet.__init__.<locals>._remove at 0x73e981c7a980>
Traceback (most recent call last):
  File "/u/henryb/miniconda3/lib/python3.12/_weakrefset.py", line 39, in _remove
    def _remove(item, selfref=ref(self)):

stopit.utils.TimeoutException: 
Exception ignored in: <function WeakSet.__init__.<locals>._remove at 0x7fb4600b2980>
Traceback (most recent call last):
  File "/u/henryb/miniconda3/lib/python3.12/_weakrefset.py", line 39, in _remove
    def _remove(item, selfref=ref(self)):

  File "/h/99/henryb/PyEuclid/pyeuclid/formalization/utils.py", line 29, in _handle_timeout
    raise TimeoutException("Operation timed out")
pyeuclid.formalization.utils.TimeoutException: Operation timed out
Exception ignored in: <function WeakSet.__init__.<locals>._remove at 0x73e981c7a980>
Traceback (most recent call last):
  File "/u/henryb/miniconda3/lib/python3.12/_weakrefset.py", line 39, in _remove
    def _remove(item, selfref=ref(self)):

stopit.utils.TimeoutException: 
2656 solved in 28.203008890151978 seconds
2686 solved in 1.570288896560669 seconds
Exception ignored in: <function WeakSet.__init__.<locals>._remove at 0x73e981c7a980>
Traceback (most recent call last):
  File "/u/henryb/miniconda3/lib/python3.12/_weakrefset.py", line 39, in _remove
    def _remove(item, selfref=ref(self)):

stopit.utils.TimeoutException: 
2716 solved in 4.850429058074951 seconds
2746 solved in 2.707937479019165 seconds
2776 solved in 5.510622501373291 seconds
2806 solved in 0.6836440563201904 seconds
Exception ignored in: <function WeakSet.__init__.<locals>._remove at 0x7fb4600b2980>
Traceback (most recent call last):
  File "/u/henryb/miniconda3/lib/python3.12/_weakrefset.py", line 39, in _remove
    def _remove(item, selfref=ref(self)):

stopit.utils.TimeoutException: 
2941 error 
Traceback (most recent call last):
  File "/h/99/henryb/PyEuclid/tests/test.py", line 270, in test_geometry3k
    raise e
  File "/h/99/henryb/PyEuclid/tests/test.py", line 266, in test_geometry3k
    engine.run()
  File "/h/99/henryb/PyEuclid/pyeuclid/engine/engine.py", line 12, in run
    self.search()
  File "/h/99/henryb/PyEuclid/pyeuclid/engine/engine.py", line 25, in search
    self.algebraic_system.run()
  File "/h/99/henryb/PyEuclid/pyeuclid/engine/algebraic_system.py", line 329, in run
    self.solve_equation()
  File "/h/99/henryb/PyEuclid/pyeuclid/engine/algebraic_system.py", line 168, in solve_equation
    free, solved = self.elim([item for item in eqs if not item.redundant], var_types)
                   ^^^^^^^^^^^^^^^^^^^^^^^^^^^^^^^^^^^^^^^^^^^^^^^^^^^^^^^^^^^^^^^^^^
  File "/h/99/henryb/PyEuclid/pyeuclid/engine/algebraic_system.py", line 106, in elim
    eqn = self.process_equation(eqn, check=True)
          ^^^^^^^^^^^^^^^^^^^^^^^^^^^^^^^^^^^^^^
  File "/h/99/henryb/PyEuclid/pyeuclid/engine/algebraic_system.py", line 42, in process_equation
    assert False
           ^^^^^
AssertionError

2971 solved in 4.85265040397644 seconds
3001 solved in 0.026713132858276367 seconds
.
----------------------------------------------------------------------
Ran 1 test in 697.433s

OK
Exception ignored in: <function WeakSet.__init__.<locals>._remove at 0x7fb4600b2980>
Traceback (most recent call last):
  File "/u/henryb/miniconda3/lib/python3.12/_weakrefset.py", line 39, in _remove
    def _remove(item, selfref=ref(self)):

stopit.utils.TimeoutException: 
Exception ignored in: <function WeakSet.__init__.<locals>._remove at 0x73e981c7a980>
Traceback (most recent call last):
  File "/u/henryb/miniconda3/lib/python3.12/_weakrefset.py", line 39, in _remove
    def _remove(item, selfref=ref(self)):

stopit.utils.TimeoutException: 
Exception ignored in: <function WeakSet.__init__.<locals>._remove at 0x7fb4600b2980>
Traceback (most recent call last):
  File "/u/henryb/miniconda3/lib/python3.12/_weakrefset.py", line 39, in _remove
    def _remove(item, selfref=ref(self)):

stopit.utils.TimeoutException: 
2836 solved in 64.25100636482239 seconds
Exception ignored in: <function WeakSet.__init__.<locals>._remove at 0x75ee86fa6980>
Traceback (most recent call last):
  File "/u/henryb/miniconda3/lib/python3.12/_weakrefset.py", line 39, in _remove
    def _remove(item, selfref=ref(self)):

stopit.utils.TimeoutException: 
Exception ignored in: <function WeakSet.__init__.<locals>._remove at 0x75ee86fa6980>
Traceback (most recent call last):
  File "/u/henryb/miniconda3/lib/python3.12/_weakrefset.py", line 39, in _remove
    def _remove(item, selfref=ref(self)):

  File "/h/99/henryb/PyEuclid/pyeuclid/formalization/utils.py", line 29, in _handle_timeout
    raise TimeoutException("Operation timed out")
pyeuclid.formalization.utils.TimeoutException: Operation timed out
2829 solved in 646.393119096756 seconds
Exception ignored in: <function WeakSet.__init__.<locals>._remove at 0x75ee86fa6980>
Traceback (most recent call last):
  File "/u/henryb/miniconda3/lib/python3.12/_weakrefset.py", line 39, in _remove
    def _remove(item, selfref=ref(self)):

stopit.utils.TimeoutException: 
Exception ignored in: <function WeakSet.__init__.<locals>._remove at 0x7fb4600b2980>
Traceback (most recent call last):
  File "/u/henryb/miniconda3/lib/python3.12/_weakrefset.py", line 39, in _remove
    def _remove(item, selfref=ref(self)):

stopit.utils.TimeoutException: 
Exception ignored in: <function WeakSet.__init__.<locals>._remove at 0x75ee86fa6980>
Traceback (most recent call last):
  File "/u/henryb/miniconda3/lib/python3.12/_weakrefset.py", line 39, in _remove
    def _remove(item, selfref=ref(self)):

stopit.utils.TimeoutException: 
2859 solved in 5.721748352050781 seconds
Exception ignored in: <function WeakSet.__init__.<locals>._remove at 0x75ee86fa6980>
Traceback (most recent call last):
  File "/u/henryb/miniconda3/lib/python3.12/_weakrefset.py", line 39, in _remove
    def _remove(item, selfref=ref(self)):

stopit.utils.TimeoutException: 
2889 unsolved in 3.003641128540039 seconds
2919 solved in 3.4423725605010986 seconds
Exception ignored in: <function WeakSet.__init__.<locals>._remove at 0x7fb4600b2980>
Traceback (most recent call last):
  File "/u/henryb/miniconda3/lib/python3.12/_weakrefset.py", line 39, in _remove
    def _remove(item, selfref=ref(self)):

stopit.utils.TimeoutException: 
Exception ignored in: <function WeakSet.__init__.<locals>._remove at 0x75ee86fa6980>
Traceback (most recent call last):
  File "/u/henryb/miniconda3/lib/python3.12/_weakrefset.py", line 39, in _remove
    def _remove(item, selfref=ref(self)):

stopit.utils.TimeoutException: 
2949 solved in 5.523940563201904 seconds
Exception ignored in: <function WeakSet.__init__.<locals>._remove at 0x75ee86fa6980>
Traceback (most recent call last):
  File "/u/henryb/miniconda3/lib/python3.12/_weakrefset.py", line 39, in _remove
    def _remove(item, selfref=ref(self)):

stopit.utils.TimeoutException: 
Exception ignored in: <function WeakSet.__init__.<locals>._remove at 0x7fb4600b2980>
Traceback (most recent call last):
  File "/u/henryb/miniconda3/lib/python3.12/_weakrefset.py", line 39, in _remove
    def _remove(item, selfref=ref(self)):

  File "/h/99/henryb/PyEuclid/pyeuclid/formalization/utils.py", line 29, in _handle_timeout
    raise TimeoutException("Operation timed out")
pyeuclid.formalization.utils.TimeoutException: Operation timed out
Exception ignored in: <function WeakSet.__init__.<locals>._remove at 0x75ee86fa6980>
Traceback (most recent call last):
  File "/u/henryb/miniconda3/lib/python3.12/_weakrefset.py", line 39, in _remove
    def _remove(item, selfref=ref(self)):

stopit.utils.TimeoutException: 
Exception ignored in: <function WeakSet.__init__.<locals>._remove at 0x75ee86fa6980>
Traceback (most recent call last):
  File "/u/henryb/miniconda3/lib/python3.12/_weakrefset.py", line 39, in _remove
    def _remove(item, selfref=ref(self)):

stopit.utils.TimeoutException: 
Exception ignored in: <function WeakSet.__init__.<locals>._remove at 0x7fb4600b2980>
Traceback (most recent call last):
  File "/u/henryb/miniconda3/lib/python3.12/_weakrefset.py", line 39, in _remove
    def _remove(item, selfref=ref(self)):

stopit.utils.TimeoutException: 
2979 error 
Traceback (most recent call last):
  File "/h/99/henryb/PyEuclid/tests/test.py", line 270, in test_geometry3k
    raise e
  File "/h/99/henryb/PyEuclid/tests/test.py", line 266, in test_geometry3k
    engine.run()
  File "/h/99/henryb/PyEuclid/pyeuclid/engine/engine.py", line 12, in run
    self.search()
  File "/h/99/henryb/PyEuclid/pyeuclid/engine/engine.py", line 25, in search
    self.algebraic_system.run()
  File "/h/99/henryb/PyEuclid/pyeuclid/engine/algebraic_system.py", line 329, in run
    self.solve_equation()
  File "/h/99/henryb/PyEuclid/pyeuclid/engine/algebraic_system.py", line 168, in solve_equation
    free, solved = self.elim([item for item in eqs if not item.redundant], var_types)
                   ^^^^^^^^^^^^^^^^^^^^^^^^^^^^^^^^^^^^^^^^^^^^^^^^^^^^^^^^^^^^^^^^^^
  File "/h/99/henryb/PyEuclid/pyeuclid/engine/algebraic_system.py", line 106, in elim
    eqn = self.process_equation(eqn, check=True)
          ^^^^^^^^^^^^^^^^^^^^^^^^^^^^^^^^^^^^^^
  File "/h/99/henryb/PyEuclid/pyeuclid/engine/algebraic_system.py", line 42, in process_equation
    assert False
           ^^^^^
AssertionError

.
----------------------------------------------------------------------
Ran 1 test in 854.229s

OK
Exception ignored in: <function WeakSet.__init__.<locals>._remove at 0x75ee86fa6980>
Traceback (most recent call last):
  File "/u/henryb/miniconda3/lib/python3.12/_weakrefset.py", line 39, in _remove
    def _remove(item, selfref=ref(self)):

stopit.utils.TimeoutException: 
2938 solved in 440.3888988494873 seconds
2440 error 
Traceback (most recent call last):
  File "/h/99/henryb/PyEuclid/tests/test.py", line 270, in test_geometry3k
    raise e
  File "/h/99/henryb/PyEuclid/tests/test.py", line 266, in test_geometry3k
    engine.run()
  File "/h/99/henryb/PyEuclid/pyeuclid/engine/engine.py", line 12, in run
    self.search()
  File "/h/99/henryb/PyEuclid/pyeuclid/engine/engine.py", line 25, in search
    self.algebraic_system.run()
  File "/h/99/henryb/PyEuclid/pyeuclid/engine/algebraic_system.py", line 329, in run
    self.solve_equation()
  File "/h/99/henryb/PyEuclid/pyeuclid/engine/algebraic_system.py", line 168, in solve_equation
    free, solved = self.elim([item for item in eqs if not item.redundant], var_types)
                   ^^^^^^^^^^^^^^^^^^^^^^^^^^^^^^^^^^^^^^^^^^^^^^^^^^^^^^^^^^^^^^^^^^
  File "/h/99/henryb/PyEuclid/pyeuclid/engine/algebraic_system.py", line 106, in elim
    eqn = self.process_equation(eqn, check=True)
          ^^^^^^^^^^^^^^^^^^^^^^^^^^^^^^^^^^^^^^
  File "/h/99/henryb/PyEuclid/pyeuclid/engine/algebraic_system.py", line 42, in process_equation
    assert False
           ^^^^^
AssertionError

2968 unsolved in 2.5000410079956055 seconds
Exception ignored in: <function WeakSet.__init__.<locals>._remove at 0x75ee86fa6980>
Traceback (most recent call last):
  File "/u/henryb/miniconda3/lib/python3.12/_weakrefset.py", line 39, in _remove
    def _remove(item, selfref=ref(self)):

stopit.utils.TimeoutException: 
2998 solved in 1.8213951587677002 seconds
.
----------------------------------------------------------------------
Ran 1 test in 878.006s

OK
2470 solved in 6.743399143218994 seconds
2500 solved in 28.011820077896118 seconds
2530 unsolved in 3.20628023147583 seconds
Exception ignored in: <function WeakSet.__init__.<locals>._remove at 0x75ee86fa6980>
Traceback (most recent call last):
  File "/u/henryb/miniconda3/lib/python3.12/_weakrefset.py", line 39, in _remove
    def _remove(item, selfref=ref(self)):

stopit.utils.TimeoutException: 
2560 solved in 29.419304847717285 seconds
Exception ignored in: <function WeakSet.__init__.<locals>._remove at 0x75ee86fa6980>
Traceback (most recent call last):
  File "/u/henryb/miniconda3/lib/python3.12/_weakrefset.py", line 39, in _remove
    def _remove(item, selfref=ref(self)):

stopit.utils.TimeoutException: 
2590 solved in 6.633792400360107 seconds
2620 solved in 2.291759967803955 seconds
Exception ignored in: <function WeakSet.__init__.<locals>._remove at 0x75ee86fa6980>
Traceback (most recent call last):
  File "/u/henryb/miniconda3/lib/python3.12/_weakrefset.py", line 39, in _remove
    def _remove(item, selfref=ref(self)):

stopit.utils.TimeoutException: 
2650 solved in 33.89025163650513 seconds
Exception ignored in: <function WeakSet.__init__.<locals>._remove at 0x75ee86fa6980>
Traceback (most recent call last):
  File "/u/henryb/miniconda3/lib/python3.12/_weakrefset.py", line 39, in _remove
    def _remove(item, selfref=ref(self)):

  File "/h/99/henryb/PyEuclid/pyeuclid/formalization/utils.py", line 29, in _handle_timeout
    raise TimeoutException("Operation timed out")
pyeuclid.formalization.utils.TimeoutException: Operation timed out
2680 solved in 15.324021339416504 seconds
2475 solved in 1254.7262473106384 seconds
2505 solved in 5.226099967956543 seconds
2653 solved in 1219.1665472984314 seconds
2535 solved in 21.22528076171875 seconds
2553 error query string is too large
Traceback (most recent call last):
  File "/h/99/henryb/PyEuclid/tests/test.py", line 270, in test_geometry3k
    raise e
  File "/h/99/henryb/PyEuclid/tests/test.py", line 266, in test_geometry3k
    engine.run()
  File "/h/99/henryb/PyEuclid/pyeuclid/engine/engine.py", line 12, in run
    self.search()
  File "/h/99/henryb/PyEuclid/pyeuclid/engine/engine.py", line 20, in search
    closure = self.deductive_database.run()
              ^^^^^^^^^^^^^^^^^^^^^^^^^^^^^
  File "/h/99/henryb/PyEuclid/pyeuclid/engine/deductive_database.py", line 372, in run
    inner_applicable = self.get_applicable_theorems(self.inner_theorems)
                       ^^^^^^^^^^^^^^^^^^^^^^^^^^^^^^^^^^^^^^^^^^^^^^^^^
  File "/h/99/henryb/PyEuclid/pyeuclid/engine/deductive_database.py", line 317, in get_applicable_theorems
    self._sync()
  File "/h/99/henryb/PyEuclid/pyeuclid/engine/deductive_database.py", line 65, in _sync
    self.update_equivalence_class(components, table)
  File "/h/99/henryb/PyEuclid/pyeuclid/engine/deductive_database.py", line 110, in update_equivalence_class
    self.cursor.execute(query)
sqlite3.DataError: query string is too large

2565 unsolved in 2.107099771499634 seconds
2595 solved in 1.5059707164764404 seconds
2683 unsolved in 7.91175389289856 seconds
Exception ignored in: <function WeakSet.__init__.<locals>._remove at 0x770c46c3a980>
Traceback (most recent call last):
  File "/u/henryb/miniconda3/lib/python3.12/_weakrefset.py", line 39, in _remove
    def _remove(item, selfref=ref(self)):

  File "/h/99/henryb/PyEuclid/pyeuclid/formalization/utils.py", line 29, in _handle_timeout
    raise TimeoutException("Operation timed out")
pyeuclid.formalization.utils.TimeoutException: Operation timed out
2625 solved in 17.054983854293823 seconds
2713 solved in 16.772486925125122 seconds
2655 solved in 4.486146450042725 seconds
2743 unsolved in 1.9073219299316406 seconds
2612 solved in 1233.8813843727112 seconds
2588 solved in 1312.3058965206146 seconds
Exception ignored in: <function WeakSet.__init__.<locals>._remove at 0x7f39d4b66980>
Traceback (most recent call last):
  File "/u/henryb/miniconda3/lib/python3.12/_weakrefset.py", line 39, in _remove
    def _remove(item, selfref=ref(self)):

stopit.utils.TimeoutException: 
2685 solved in 10.481364011764526 seconds
2715 solved in 1.6320140361785889 seconds
2618 solved in 2.8846654891967773 seconds
2773 solved in 13.378062009811401 seconds
2745 solved in 5.465699911117554 seconds
2465 solved in 1335.023865222931 seconds
2648 solved in 8.005065441131592 seconds
2775 solved in 5.042962074279785 seconds
2803 solved in 2.1310648918151855 seconds
2833 error Centroid.__init__() takes 5 positional arguments but 8 were given
Traceback (most recent call last):
  File "/h/99/henryb/PyEuclid/tests/test.py", line 246, in test_geometry3k
    exec(file.read(), namespace)
  File "<string>", line 7, in <module>
TypeError: Centroid.__init__() takes 5 positional arguments but 8 were given

2583 solved in 46.87221074104309 seconds
2495 solved in 8.657705545425415 seconds
2613 solved in 8.141665935516357 seconds
2642 unsolved in 26.470970630645752 seconds
2805 solved in 13.800233364105225 seconds
2672 solved in 5.942222356796265 seconds
Exception ignored in: <function WeakSet.__init__.<locals>._remove at 0x770c46c3a980>
Traceback (most recent call last):
  File "/u/henryb/miniconda3/lib/python3.12/_weakrefset.py", line 39, in _remove
    def _remove(item, selfref=ref(self)):

stopit.utils.TimeoutException: 
2525 solved in 10.224605321884155 seconds
2702 solved in 2.115169048309326 seconds
Exception ignored in: <function WeakSet.__init__.<locals>._remove at 0x770c46c3a980>
Traceback (most recent call last):
  File "/u/henryb/miniconda3/lib/python3.12/_weakrefset.py", line 39, in _remove
    def _remove(item, selfref=ref(self)):

stopit.utils.TimeoutException: 
2835 solved in 12.191660165786743 seconds
2555 solved in 12.115209341049194 seconds
2732 solved in 12.90207552909851 seconds
2585 solved in 2.7097699642181396 seconds
2865 solved in 6.919856548309326 seconds
2615 solved in 1.9358747005462646 seconds
2645 solved in 1.3805737495422363 seconds
Exception ignored in: <function WeakSet.__init__.<locals>._remove at 0x770c46c3a980>
Traceback (most recent call last):
  File "/u/henryb/miniconda3/lib/python3.12/_weakrefset.py", line 39, in _remove
    def _remove(item, selfref=ref(self)):

  File "/h/99/henryb/PyEuclid/pyeuclid/formalization/utils.py", line 29, in _handle_timeout
    raise TimeoutException("Operation timed out")
pyeuclid.formalization.utils.TimeoutException: Operation timed out
Exception ignored in: <function WeakSet.__init__.<locals>._remove at 0x770c46c3a980>
Traceback (most recent call last):
  File "/u/henryb/miniconda3/lib/python3.12/_weakrefset.py", line 39, in _remove
    def _remove(item, selfref=ref(self)):

stopit.utils.TimeoutException: 
2675 solved in 6.307708978652954 seconds
2705 solved in 2.208808183670044 seconds
2643 solved in 40.00245428085327 seconds
Exception ignored in: <function WeakSet.__init__.<locals>._remove at 0x770c46c3a980>
Traceback (most recent call last):
  File "/u/henryb/miniconda3/lib/python3.12/_weakrefset.py", line 39, in _remove
    def _remove(item, selfref=ref(self)):

stopit.utils.TimeoutException: 
2895 solved in 18.679852962493896 seconds
2735 solved in 4.6830127239227295 seconds
2765 solved in 0.11079168319702148 seconds
2795 solved in 0.8864161968231201 seconds
Exception ignored in: <function WeakSet.__init__.<locals>._remove at 0x770c46c3a980>
Traceback (most recent call last):
  File "/u/henryb/miniconda3/lib/python3.12/_weakrefset.py", line 39, in _remove
    def _remove(item, selfref=ref(self)):

stopit.utils.TimeoutException: 
2925 solved in 6.911019802093506 seconds
2955 unsolved in 13.115788459777832 seconds
2762 solved in 49.12970304489136 seconds
2825 solved in 25.68455147743225 seconds
Exception ignored in: <function WeakSet.__init__.<locals>._remove at 0x770c46c3a980>
Traceback (most recent call last):
  File "/u/henryb/miniconda3/lib/python3.12/_weakrefset.py", line 39, in _remove
    def _remove(item, selfref=ref(self)):

stopit.utils.TimeoutException: 
2855 solved in 3.0385544300079346 seconds
2885 error Similar4.__init__() takes 9 positional arguments but 11 were given
Traceback (most recent call last):
  File "/h/99/henryb/PyEuclid/tests/test.py", line 246, in test_geometry3k
    exec(file.read(), namespace)
  File "<string>", line 7, in <module>
TypeError: Similar4.__init__() takes 9 positional arguments but 11 were given

2678 error 
Traceback (most recent call last):
  File "/h/99/henryb/PyEuclid/tests/test.py", line 270, in test_geometry3k
    raise e
  File "/h/99/henryb/PyEuclid/tests/test.py", line 266, in test_geometry3k
    engine.run()
  File "/h/99/henryb/PyEuclid/pyeuclid/engine/engine.py", line 12, in run
    self.search()
  File "/h/99/henryb/PyEuclid/pyeuclid/engine/engine.py", line 25, in search
    self.algebraic_system.run()
  File "/h/99/henryb/PyEuclid/pyeuclid/engine/algebraic_system.py", line 329, in run
    self.solve_equation()
  File "/h/99/henryb/PyEuclid/pyeuclid/engine/algebraic_system.py", line 168, in solve_equation
    free, solved = self.elim([item for item in eqs if not item.redundant], var_types)
                   ^^^^^^^^^^^^^^^^^^^^^^^^^^^^^^^^^^^^^^^^^^^^^^^^^^^^^^^^^^^^^^^^^^
  File "/h/99/henryb/PyEuclid/pyeuclid/engine/algebraic_system.py", line 106, in elim
    eqn = self.process_equation(eqn, check=True)
          ^^^^^^^^^^^^^^^^^^^^^^^^^^^^^^^^^^^^^^
  File "/h/99/henryb/PyEuclid/pyeuclid/engine/algebraic_system.py", line 42, in process_equation
    assert False
           ^^^^^
AssertionError

2985 solved in 12.255395412445068 seconds
.
----------------------------------------------------------------------
Ran 1 test in 1457.220s

OK
2673 solved in 41.86626100540161 seconds
2708 solved in 8.951915502548218 seconds
2738 solved in 2.634042501449585 seconds
2703 unsolved in 7.787878751754761 seconds
2915 solved in 13.891266822814941 seconds
2733 solved in 7.26961612701416 seconds
2849 solved in 1221.151213645935 seconds
2763 solved in 3.6669089794158936 seconds
2793 solved in 1.446866512298584 seconds
2879 solved in 3.00274395942688 seconds
2945 solved in 17.25693416595459 seconds
2823 solved in 6.168519020080566 seconds
2909 solved in 4.041668653488159 seconds
2853 unsolved in 2.2703969478607178 seconds
2939 solved in 2.0995306968688965 seconds
2969 solved in 1.1690757274627686 seconds
2883 solved in 16.18393111228943 seconds
2913 solved in 2.8398401737213135 seconds
Exception ignored in: <function WeakSet.__init__.<locals>._remove at 0x770fa0676980>
Traceback (most recent call last):
  File "/u/henryb/miniconda3/lib/python3.12/_weakrefset.py", line 39, in _remove
    def _remove(item, selfref=ref(self)):

stopit.utils.TimeoutException: 
Exception ignored in: <function WeakSet.__init__.<locals>._remove at 0x770fa0676980>
Traceback (most recent call last):
  File "/u/henryb/miniconda3/lib/python3.12/_weakrefset.py", line 39, in _remove
    def _remove(item, selfref=ref(self)):

stopit.utils.TimeoutException: 
2943 solved in 15.50592041015625 seconds
2975 solved in 11.614394187927246 seconds
.
----------------------------------------------------------------------
Ran 1 test in 1532.174s

OK
2973 unsolved in 2.107783794403076 seconds
.
----------------------------------------------------------------------
Ran 1 test in 1535.011s

OK
2999 error 
Traceback (most recent call last):
  File "/h/99/henryb/PyEuclid/tests/test.py", line 270, in test_geometry3k
    raise e
  File "/h/99/henryb/PyEuclid/tests/test.py", line 266, in test_geometry3k
    engine.run()
  File "/h/99/henryb/PyEuclid/pyeuclid/engine/engine.py", line 12, in run
    self.search()
  File "/h/99/henryb/PyEuclid/pyeuclid/engine/engine.py", line 25, in search
    self.algebraic_system.run()
  File "/h/99/henryb/PyEuclid/pyeuclid/engine/algebraic_system.py", line 329, in run
    self.solve_equation()
  File "/h/99/henryb/PyEuclid/pyeuclid/engine/algebraic_system.py", line 168, in solve_equation
    free, solved = self.elim([item for item in eqs if not item.redundant], var_types)
                   ^^^^^^^^^^^^^^^^^^^^^^^^^^^^^^^^^^^^^^^^^^^^^^^^^^^^^^^^^^^^^^^^^^
  File "/h/99/henryb/PyEuclid/pyeuclid/engine/algebraic_system.py", line 106, in elim
    eqn = self.process_equation(eqn, check=True)
          ^^^^^^^^^^^^^^^^^^^^^^^^^^^^^^^^^^^^^^
  File "/h/99/henryb/PyEuclid/pyeuclid/engine/algebraic_system.py", line 42, in process_equation
    assert False
           ^^^^^
AssertionError

.
----------------------------------------------------------------------
Ran 1 test in 1580.794s

OK
2863 solved in 238.04068541526794 seconds
2893 solved in 2.7875635623931885 seconds
2923 solved in 2.54274845123291 seconds
2953 solved in 3.5118141174316406 seconds
2494 solved in 1550.452185869217 seconds
2524 solved in 8.5055570602417 seconds
2826 solved in 1130.8806898593903 seconds
2554 solved in 9.123173236846924 seconds
2856 unsolved in 6.198455095291138 seconds
2886 solved in 5.820193767547607 seconds
2916 solved in 0.6588952541351318 seconds
2946 solved in 1.6293175220489502 seconds
2792 solved in 222.2108838558197 seconds
2822 unsolved in 6.913419723510742 seconds
2852 solved in 6.391573905944824 seconds
2976 solved in 17.579837799072266 seconds
.
----------------------------------------------------------------------
Ran 1 test in 1691.469s

OK
2882 solved in 13.095484018325806 seconds
Exception ignored in: <function WeakSet.__init__.<locals>._remove at 0x7f39d4b66980>
Traceback (most recent call last):
  File "/u/henryb/miniconda3/lib/python3.12/_weakrefset.py", line 39, in _remove
    def _remove(item, selfref=ref(self)):

  File "/h/99/henryb/PyEuclid/pyeuclid/formalization/utils.py", line 29, in _handle_timeout
    raise TimeoutException("Operation timed out")
pyeuclid.formalization.utils.TimeoutException: Operation timed out
Exception ignored in: <function WeakSet.__init__.<locals>._remove at 0x7f39d4b66980>
Traceback (most recent call last):
  File "/u/henryb/miniconda3/lib/python3.12/_weakrefset.py", line 39, in _remove
    def _remove(item, selfref=ref(self)):

  File "/h/99/henryb/PyEuclid/pyeuclid/formalization/utils.py", line 29, in _handle_timeout
    raise TimeoutException("Operation timed out")
pyeuclid.formalization.utils.TimeoutException: Operation timed out
2983 error 
Traceback (most recent call last):
  File "/h/99/henryb/PyEuclid/tests/test.py", line 270, in test_geometry3k
    raise e
  File "/h/99/henryb/PyEuclid/tests/test.py", line 266, in test_geometry3k
    engine.run()
  File "/h/99/henryb/PyEuclid/pyeuclid/engine/engine.py", line 12, in run
    self.search()
  File "/h/99/henryb/PyEuclid/pyeuclid/engine/engine.py", line 25, in search
    self.algebraic_system.run()
  File "/h/99/henryb/PyEuclid/pyeuclid/engine/algebraic_system.py", line 329, in run
    self.solve_equation()
  File "/h/99/henryb/PyEuclid/pyeuclid/engine/algebraic_system.py", line 171, in solve_equation
    free, solved = self.elim(length_linear, var_types, remove_redundant=False)
                   ^^^^^^^^^^^^^^^^^^^^^^^^^^^^^^^^^^^^^^^^^^^^^^^^^^^^^^^^^^^
  File "/h/99/henryb/PyEuclid/pyeuclid/engine/algebraic_system.py", line 106, in elim
    eqn = self.process_equation(eqn, check=True)
          ^^^^^^^^^^^^^^^^^^^^^^^^^^^^^^^^^^^^^^
  File "/h/99/henryb/PyEuclid/pyeuclid/engine/algebraic_system.py", line 42, in process_equation
    assert False
           ^^^^^
AssertionError

.
----------------------------------------------------------------------
Ran 1 test in 1814.105s

OK
2710 solved in 1183.0601971149445 seconds
2740 solved in 11.446431398391724 seconds
2770 solved in 0.7181599140167236 seconds
2800 error 
Traceback (most recent call last):
  File "/h/99/henryb/PyEuclid/tests/test.py", line 270, in test_geometry3k
    raise e
  File "/h/99/henryb/PyEuclid/tests/test.py", line 266, in test_geometry3k
    engine.run()
  File "/h/99/henryb/PyEuclid/pyeuclid/engine/engine.py", line 12, in run
    self.search()
  File "/h/99/henryb/PyEuclid/pyeuclid/engine/engine.py", line 25, in search
    self.algebraic_system.run()
  File "/h/99/henryb/PyEuclid/pyeuclid/engine/algebraic_system.py", line 329, in run
    self.solve_equation()
  File "/h/99/henryb/PyEuclid/pyeuclid/engine/algebraic_system.py", line 171, in solve_equation
    free, solved = self.elim(length_linear, var_types, remove_redundant=False)
                   ^^^^^^^^^^^^^^^^^^^^^^^^^^^^^^^^^^^^^^^^^^^^^^^^^^^^^^^^^^^
  File "/h/99/henryb/PyEuclid/pyeuclid/engine/algebraic_system.py", line 106, in elim
    eqn = self.process_equation(eqn, check=True)
          ^^^^^^^^^^^^^^^^^^^^^^^^^^^^^^^^^^^^^^
  File "/h/99/henryb/PyEuclid/pyeuclid/engine/algebraic_system.py", line 42, in process_equation
    assert False
           ^^^^^
AssertionError

2830 unsolved in 0.7793323993682861 seconds
2860 solved in 6.211615324020386 seconds
2890 error 
Traceback (most recent call last):
  File "/h/99/henryb/PyEuclid/tests/test.py", line 270, in test_geometry3k
    raise e
  File "/h/99/henryb/PyEuclid/tests/test.py", line 266, in test_geometry3k
    engine.run()
  File "/h/99/henryb/PyEuclid/pyeuclid/engine/engine.py", line 12, in run
    self.search()
  File "/h/99/henryb/PyEuclid/pyeuclid/engine/engine.py", line 25, in search
    self.algebraic_system.run()
  File "/h/99/henryb/PyEuclid/pyeuclid/engine/algebraic_system.py", line 329, in run
    self.solve_equation()
  File "/h/99/henryb/PyEuclid/pyeuclid/engine/algebraic_system.py", line 171, in solve_equation
    free, solved = self.elim(length_linear, var_types, remove_redundant=False)
                   ^^^^^^^^^^^^^^^^^^^^^^^^^^^^^^^^^^^^^^^^^^^^^^^^^^^^^^^^^^^
  File "/h/99/henryb/PyEuclid/pyeuclid/engine/algebraic_system.py", line 106, in elim
    eqn = self.process_equation(eqn, check=True)
          ^^^^^^^^^^^^^^^^^^^^^^^^^^^^^^^^^^^^^^
  File "/h/99/henryb/PyEuclid/pyeuclid/engine/algebraic_system.py", line 42, in process_equation
    assert False
           ^^^^^
AssertionError

2920 unsolved in 7.03996729850769 seconds
2757 solved in 2054.634215116501 seconds
2787 solved in 8.063151836395264 seconds
2817 solved in 2.5039148330688477 seconds
2847 solved in 3.9087414741516113 seconds
2877 error 
Traceback (most recent call last):
  File "/h/99/henryb/PyEuclid/tests/test.py", line 270, in test_geometry3k
    raise e
  File "/h/99/henryb/PyEuclid/tests/test.py", line 266, in test_geometry3k
    engine.run()
  File "/h/99/henryb/PyEuclid/pyeuclid/engine/engine.py", line 12, in run
    self.search()
  File "/h/99/henryb/PyEuclid/pyeuclid/engine/engine.py", line 25, in search
    self.algebraic_system.run()
  File "/h/99/henryb/PyEuclid/pyeuclid/engine/algebraic_system.py", line 329, in run
    self.solve_equation()
  File "/h/99/henryb/PyEuclid/pyeuclid/engine/algebraic_system.py", line 168, in solve_equation
    free, solved = self.elim([item for item in eqs if not item.redundant], var_types)
                   ^^^^^^^^^^^^^^^^^^^^^^^^^^^^^^^^^^^^^^^^^^^^^^^^^^^^^^^^^^^^^^^^^^
  File "/h/99/henryb/PyEuclid/pyeuclid/engine/algebraic_system.py", line 106, in elim
    eqn = self.process_equation(eqn, check=True)
          ^^^^^^^^^^^^^^^^^^^^^^^^^^^^^^^^^^^^^^
  File "/h/99/henryb/PyEuclid/pyeuclid/engine/algebraic_system.py", line 42, in process_equation
    assert False
           ^^^^^
AssertionError

2907 solved in 26.14026689529419 seconds
2509 error query string is too large
Traceback (most recent call last):
  File "/h/99/henryb/PyEuclid/tests/test.py", line 270, in test_geometry3k
    raise e
  File "/h/99/henryb/PyEuclid/tests/test.py", line 266, in test_geometry3k
    engine.run()
  File "/h/99/henryb/PyEuclid/pyeuclid/engine/engine.py", line 12, in run
    self.search()
  File "/h/99/henryb/PyEuclid/pyeuclid/engine/engine.py", line 20, in search
    closure = self.deductive_database.run()
              ^^^^^^^^^^^^^^^^^^^^^^^^^^^^^
  File "/h/99/henryb/PyEuclid/pyeuclid/engine/deductive_database.py", line 372, in run
    inner_applicable = self.get_applicable_theorems(self.inner_theorems)
                       ^^^^^^^^^^^^^^^^^^^^^^^^^^^^^^^^^^^^^^^^^^^^^^^^^
  File "/h/99/henryb/PyEuclid/pyeuclid/engine/deductive_database.py", line 317, in get_applicable_theorems
    self._sync()
  File "/h/99/henryb/PyEuclid/pyeuclid/engine/deductive_database.py", line 65, in _sync
    self.update_equivalence_class(components, table)
  File "/h/99/henryb/PyEuclid/pyeuclid/engine/deductive_database.py", line 110, in update_equivalence_class
    self.cursor.execute(query)
sqlite3.DataError: query string is too large

2937 solved in 2.3248257637023926 seconds
2967 unsolved in 5.515087842941284 seconds
2997 solved in 10.239033460617065 seconds
.
----------------------------------------------------------------------
Ran 1 test in 2375.077s

OK
Exception ignored in: <function WeakSet.__init__.<locals>._remove at 0x727e52be2980>
Traceback (most recent call last):
  File "/u/henryb/miniconda3/lib/python3.12/_weakrefset.py", line 39, in _remove
    def _remove(item, selfref=ref(self)):

stopit.utils.TimeoutException: 
2539 solved in 48.65754175186157 seconds
2717 error query string is too large
Traceback (most recent call last):
  File "/h/99/henryb/PyEuclid/tests/test.py", line 270, in test_geometry3k
    raise e
  File "/h/99/henryb/PyEuclid/tests/test.py", line 266, in test_geometry3k
    engine.run()
  File "/h/99/henryb/PyEuclid/pyeuclid/engine/engine.py", line 12, in run
    self.search()
  File "/h/99/henryb/PyEuclid/pyeuclid/engine/engine.py", line 20, in search
    closure = self.deductive_database.run()
              ^^^^^^^^^^^^^^^^^^^^^^^^^^^^^
  File "/h/99/henryb/PyEuclid/pyeuclid/engine/deductive_database.py", line 372, in run
    inner_applicable = self.get_applicable_theorems(self.inner_theorems)
                       ^^^^^^^^^^^^^^^^^^^^^^^^^^^^^^^^^^^^^^^^^^^^^^^^^
  File "/h/99/henryb/PyEuclid/pyeuclid/engine/deductive_database.py", line 317, in get_applicable_theorems
    self._sync()
  File "/h/99/henryb/PyEuclid/pyeuclid/engine/deductive_database.py", line 65, in _sync
    self.update_equivalence_class(components, table)
  File "/h/99/henryb/PyEuclid/pyeuclid/engine/deductive_database.py", line 110, in update_equivalence_class
    self.cursor.execute(query)
sqlite3.DataError: query string is too large

2441 error query string is too large
Traceback (most recent call last):
  File "/h/99/henryb/PyEuclid/tests/test.py", line 270, in test_geometry3k
    raise e
  File "/h/99/henryb/PyEuclid/tests/test.py", line 266, in test_geometry3k
    engine.run()
  File "/h/99/henryb/PyEuclid/pyeuclid/engine/engine.py", line 12, in run
    self.search()
  File "/h/99/henryb/PyEuclid/pyeuclid/engine/engine.py", line 20, in search
    closure = self.deductive_database.run()
              ^^^^^^^^^^^^^^^^^^^^^^^^^^^^^
  File "/h/99/henryb/PyEuclid/pyeuclid/engine/deductive_database.py", line 372, in run
    inner_applicable = self.get_applicable_theorems(self.inner_theorems)
                       ^^^^^^^^^^^^^^^^^^^^^^^^^^^^^^^^^^^^^^^^^^^^^^^^^
  File "/h/99/henryb/PyEuclid/pyeuclid/engine/deductive_database.py", line 317, in get_applicable_theorems
    self._sync()
  File "/h/99/henryb/PyEuclid/pyeuclid/engine/deductive_database.py", line 65, in _sync
    self.update_equivalence_class(components, table)
  File "/h/99/henryb/PyEuclid/pyeuclid/engine/deductive_database.py", line 110, in update_equivalence_class
    self.cursor.execute(query)
sqlite3.DataError: query string is too large

2747 solved in 6.290032625198364 seconds
2777 solved in 12.809283971786499 seconds
2471 solved in 5.266705751419067 seconds
2501 solved in 8.086617231369019 seconds
2531 solved in 3.2116379737854004 seconds
2807 solved in 23.270872831344604 seconds
2561 solved in 18.49817657470703 seconds
2837 solved in 12.22761583328247 seconds
2621 solved in 2.752390146255493 seconds
2867 solved in 6.071611166000366 seconds
2897 solved in 1.1335039138793945 seconds
2651 solved in 8.029797554016113 seconds
2584 solved in 858.3141648769379 seconds
2569 solved in 104.8365125656128 seconds
2614 solved in 4.0030293464660645 seconds
2927 unsolved in 7.959841012954712 seconds
2957 solved in 2.889766216278076 seconds
2599 solved in 6.301004886627197 seconds
2644 solved in 9.333579301834106 seconds
2987 unsolved in 7.26130223274231 seconds
.
----------------------------------------------------------------------
Ran 1 test in 2534.540s

OK
2681 solved in 16.845839977264404 seconds
2711 solved in 1.9186387062072754 seconds
2674 solved in 7.07957911491394 seconds
2704 solved in 1.0819368362426758 seconds
2734 solved in 0.6777966022491455 seconds
2741 solved in 10.511223316192627 seconds
2764 solved in 26.845097541809082 seconds
2771 unsolved in 11.354562282562256 seconds
2794 unsolved in 8.223958015441895 seconds
2801 solved in 16.456454515457153 seconds
2824 solved in 25.34490728378296 seconds
2854 solved in 1.3178296089172363 seconds
2831 unsolved in 30.545897483825684 seconds
2884 unsolved in 23.67319130897522 seconds
2914 error 
Traceback (most recent call last):
  File "/h/99/henryb/PyEuclid/tests/test.py", line 270, in test_geometry3k
    raise e
  File "/h/99/henryb/PyEuclid/tests/test.py", line 266, in test_geometry3k
    engine.run()
  File "/h/99/henryb/PyEuclid/pyeuclid/engine/engine.py", line 12, in run
    self.search()
  File "/h/99/henryb/PyEuclid/pyeuclid/engine/engine.py", line 25, in search
    self.algebraic_system.run()
  File "/h/99/henryb/PyEuclid/pyeuclid/engine/algebraic_system.py", line 329, in run
    self.solve_equation()
  File "/h/99/henryb/PyEuclid/pyeuclid/engine/algebraic_system.py", line 171, in solve_equation
    free, solved = self.elim(length_linear, var_types, remove_redundant=False)
                   ^^^^^^^^^^^^^^^^^^^^^^^^^^^^^^^^^^^^^^^^^^^^^^^^^^^^^^^^^^^
  File "/h/99/henryb/PyEuclid/pyeuclid/engine/algebraic_system.py", line 106, in elim
    eqn = self.process_equation(eqn, check=True)
          ^^^^^^^^^^^^^^^^^^^^^^^^^^^^^^^^^^^^^^
  File "/h/99/henryb/PyEuclid/pyeuclid/engine/algebraic_system.py", line 42, in process_equation
    assert False
           ^^^^^
AssertionError

2950 error 
Traceback (most recent call last):
  File "/h/99/henryb/PyEuclid/tests/test.py", line 270, in test_geometry3k
    raise e
  File "/h/99/henryb/PyEuclid/tests/test.py", line 266, in test_geometry3k
    engine.run()
  File "/h/99/henryb/PyEuclid/pyeuclid/engine/engine.py", line 12, in run
    self.search()
  File "/h/99/henryb/PyEuclid/pyeuclid/engine/engine.py", line 25, in search
    self.algebraic_system.run()
  File "/h/99/henryb/PyEuclid/pyeuclid/engine/algebraic_system.py", line 329, in run
    self.solve_equation()
  File "/h/99/henryb/PyEuclid/pyeuclid/engine/algebraic_system.py", line 217, in solve_equation
    angle_linear, length_linear, length_ratio, others = classify_equations([Traced(expr)], var_types)
                                                        ^^^^^^^^^^^^^^^^^^^^^^^^^^^^^^^^^^^^^^^^^^^^^
  File "/h/99/henryb/PyEuclid/pyeuclid/formalization/utils.py", line 220, in classify_equations
    assert isinstance(expr, (sympy.core.add.Add, sympy.core.symbol.Symbol))
           ^^^^^^^^^^^^^^^^^^^^^^^^^^^^^^^^^^^^^^^^^^^^^^^^^^^^^^^^^^^^^^^^
AssertionError

2980 solved in 0.026538372039794922 seconds
.
----------------------------------------------------------------------
Ran 1 test in 2690.838s

OK
2750 error 
Traceback (most recent call last):
  File "/h/99/henryb/PyEuclid/tests/test.py", line 270, in test_geometry3k
    raise e
  File "/h/99/henryb/PyEuclid/tests/test.py", line 266, in test_geometry3k
    engine.run()
  File "/h/99/henryb/PyEuclid/pyeuclid/engine/engine.py", line 12, in run
    self.search()
  File "/h/99/henryb/PyEuclid/pyeuclid/engine/engine.py", line 25, in search
    self.algebraic_system.run()
  File "/h/99/henryb/PyEuclid/pyeuclid/engine/algebraic_system.py", line 329, in run
    self.solve_equation()
  File "/h/99/henryb/PyEuclid/pyeuclid/engine/algebraic_system.py", line 168, in solve_equation
    free, solved = self.elim([item for item in eqs if not item.redundant], var_types)
                   ^^^^^^^^^^^^^^^^^^^^^^^^^^^^^^^^^^^^^^^^^^^^^^^^^^^^^^^^^^^^^^^^^^
  File "/h/99/henryb/PyEuclid/pyeuclid/engine/algebraic_system.py", line 106, in elim
    eqn = self.process_equation(eqn, check=True)
          ^^^^^^^^^^^^^^^^^^^^^^^^^^^^^^^^^^^^^^
  File "/h/99/henryb/PyEuclid/pyeuclid/engine/algebraic_system.py", line 42, in process_equation
    assert False
           ^^^^^
AssertionError

2780 solved in 3.995915651321411 seconds
2982 solved in 2631.7556347846985 seconds
.
----------------------------------------------------------------------
Ran 1 test in 2793.145s

OK
2810 solved in 211.92230319976807 seconds
2840 error 
Traceback (most recent call last):
  File "/h/99/henryb/PyEuclid/tests/test.py", line 270, in test_geometry3k
    raise e
  File "/h/99/henryb/PyEuclid/tests/test.py", line 266, in test_geometry3k
    engine.run()
  File "/h/99/henryb/PyEuclid/pyeuclid/engine/engine.py", line 12, in run
    self.search()
  File "/h/99/henryb/PyEuclid/pyeuclid/engine/engine.py", line 25, in search
    self.algebraic_system.run()
  File "/h/99/henryb/PyEuclid/pyeuclid/engine/algebraic_system.py", line 329, in run
    self.solve_equation()
  File "/h/99/henryb/PyEuclid/pyeuclid/engine/algebraic_system.py", line 171, in solve_equation
    free, solved = self.elim(length_linear, var_types, remove_redundant=False)
                   ^^^^^^^^^^^^^^^^^^^^^^^^^^^^^^^^^^^^^^^^^^^^^^^^^^^^^^^^^^^
  File "/h/99/henryb/PyEuclid/pyeuclid/engine/algebraic_system.py", line 106, in elim
    eqn = self.process_equation(eqn, check=True)
          ^^^^^^^^^^^^^^^^^^^^^^^^^^^^^^^^^^^^^^
  File "/h/99/henryb/PyEuclid/pyeuclid/engine/algebraic_system.py", line 42, in process_equation
    assert False
           ^^^^^
AssertionError

2870 solved in 8.48907470703125 seconds
2900 solved in 1.3892731666564941 seconds
2930 unsolved in 3.8075501918792725 seconds
2960 solved in 2.4476709365844727 seconds
2866 error query string is too large
Traceback (most recent call last):
  File "/h/99/henryb/PyEuclid/tests/test.py", line 270, in test_geometry3k
    raise e
  File "/h/99/henryb/PyEuclid/tests/test.py", line 266, in test_geometry3k
    engine.run()
  File "/h/99/henryb/PyEuclid/pyeuclid/engine/engine.py", line 12, in run
    self.search()
  File "/h/99/henryb/PyEuclid/pyeuclid/engine/engine.py", line 20, in search
    closure = self.deductive_database.run()
              ^^^^^^^^^^^^^^^^^^^^^^^^^^^^^
  File "/h/99/henryb/PyEuclid/pyeuclid/engine/deductive_database.py", line 372, in run
    inner_applicable = self.get_applicable_theorems(self.inner_theorems)
                       ^^^^^^^^^^^^^^^^^^^^^^^^^^^^^^^^^^^^^^^^^^^^^^^^^
  File "/h/99/henryb/PyEuclid/pyeuclid/engine/deductive_database.py", line 317, in get_applicable_theorems
    self._sync()
  File "/h/99/henryb/PyEuclid/pyeuclid/engine/deductive_database.py", line 65, in _sync
    self.update_equivalence_class(components, table)
  File "/h/99/henryb/PyEuclid/pyeuclid/engine/deductive_database.py", line 110, in update_equivalence_class
    self.cursor.execute(query)
sqlite3.DataError: query string is too large

2896 solved in 2.717373847961426 seconds
2926 error 
Traceback (most recent call last):
  File "/h/99/henryb/PyEuclid/tests/test.py", line 270, in test_geometry3k
    raise e
  File "/h/99/henryb/PyEuclid/tests/test.py", line 266, in test_geometry3k
    engine.run()
  File "/h/99/henryb/PyEuclid/pyeuclid/engine/engine.py", line 12, in run
    self.search()
  File "/h/99/henryb/PyEuclid/pyeuclid/engine/engine.py", line 25, in search
    self.algebraic_system.run()
  File "/h/99/henryb/PyEuclid/pyeuclid/engine/algebraic_system.py", line 329, in run
    self.solve_equation()
  File "/h/99/henryb/PyEuclid/pyeuclid/engine/algebraic_system.py", line 171, in solve_equation
    free, solved = self.elim(length_linear, var_types, remove_redundant=False)
                   ^^^^^^^^^^^^^^^^^^^^^^^^^^^^^^^^^^^^^^^^^^^^^^^^^^^^^^^^^^^
  File "/h/99/henryb/PyEuclid/pyeuclid/engine/algebraic_system.py", line 106, in elim
    eqn = self.process_equation(eqn, check=True)
          ^^^^^^^^^^^^^^^^^^^^^^^^^^^^^^^^^^^^^^
  File "/h/99/henryb/PyEuclid/pyeuclid/engine/algebraic_system.py", line 42, in process_equation
    assert False
           ^^^^^
AssertionError

2956 solved in 7.508128643035889 seconds
2986 unsolved in 17.65625262260437 seconds
.
----------------------------------------------------------------------
Ran 1 test in 3089.878s

OK
2861 solved in 649.337851524353 seconds
2629 error 
Traceback (most recent call last):
  File "/h/99/henryb/PyEuclid/tests/test.py", line 270, in test_geometry3k
    raise e
  File "/h/99/henryb/PyEuclid/tests/test.py", line 266, in test_geometry3k
    engine.run()
  File "/h/99/henryb/PyEuclid/pyeuclid/engine/engine.py", line 12, in run
    self.search()
  File "/h/99/henryb/PyEuclid/pyeuclid/engine/engine.py", line 20, in search
    closure = self.deductive_database.run()
              ^^^^^^^^^^^^^^^^^^^^^^^^^^^^^
  File "/h/99/henryb/PyEuclid/pyeuclid/engine/deductive_database.py", line 372, in run
    inner_applicable = self.get_applicable_theorems(self.inner_theorems)
                       ^^^^^^^^^^^^^^^^^^^^^^^^^^^^^^^^^^^^^^^^^^^^^^^^^
  File "/h/99/henryb/PyEuclid/pyeuclid/engine/deductive_database.py", line 317, in get_applicable_theorems
    self._sync()
  File "/h/99/henryb/PyEuclid/pyeuclid/engine/deductive_database.py", line 65, in _sync
    self.update_equivalence_class(components, table)
  File "/h/99/henryb/PyEuclid/pyeuclid/engine/deductive_database.py", line 110, in update_equivalence_class
    self.cursor.execute(query)
MemoryError

2659 solved in 0.6025981903076172 seconds
Exception ignored in: <function WeakSet.__init__.<locals>._remove at 0x77c5e3f76980>
Traceback (most recent call last):
  File "/u/henryb/miniconda3/lib/python3.12/_weakrefset.py", line 39, in _remove
    def _remove(item, selfref=ref(self)):

stopit.utils.TimeoutException: 
2689 unsolved in 24.381129026412964 seconds
Exception ignored in: <function WeakSet.__init__.<locals>._remove at 0x77c5e3f76980>
Traceback (most recent call last):
  File "/u/henryb/miniconda3/lib/python3.12/_weakrefset.py", line 39, in _remove
    def _remove(item, selfref=ref(self)):

stopit.utils.TimeoutException: 
2891 solved in 52.84663462638855 seconds
2921 solved in 1.6461541652679443 seconds
2951 error 
Traceback (most recent call last):
  File "/h/99/henryb/PyEuclid/tests/test.py", line 270, in test_geometry3k
    raise e
  File "/h/99/henryb/PyEuclid/tests/test.py", line 266, in test_geometry3k
    engine.run()
  File "/h/99/henryb/PyEuclid/pyeuclid/engine/engine.py", line 12, in run
    self.search()
  File "/h/99/henryb/PyEuclid/pyeuclid/engine/engine.py", line 25, in search
    self.algebraic_system.run()
  File "/h/99/henryb/PyEuclid/pyeuclid/engine/algebraic_system.py", line 329, in run
    self.solve_equation()
  File "/h/99/henryb/PyEuclid/pyeuclid/engine/algebraic_system.py", line 171, in solve_equation
    free, solved = self.elim(length_linear, var_types, remove_redundant=False)
                   ^^^^^^^^^^^^^^^^^^^^^^^^^^^^^^^^^^^^^^^^^^^^^^^^^^^^^^^^^^^
  File "/h/99/henryb/PyEuclid/pyeuclid/engine/algebraic_system.py", line 106, in elim
    eqn = self.process_equation(eqn, check=True)
          ^^^^^^^^^^^^^^^^^^^^^^^^^^^^^^^^^^^^^^
  File "/h/99/henryb/PyEuclid/pyeuclid/engine/algebraic_system.py", line 42, in process_equation
    assert False
           ^^^^^
AssertionError

2981 solved in 3.9578990936279297 seconds
.
----------------------------------------------------------------------
Ran 1 test in 3334.252s

OK
2944 solved in 1064.1055471897125 seconds
2974 solved in 4.359134197235107 seconds
.
----------------------------------------------------------------------
Ran 1 test in 3709.253s

OK
2752 error query string is too large
Traceback (most recent call last):
  File "/h/99/henryb/PyEuclid/tests/test.py", line 270, in test_geometry3k
    raise e
  File "/h/99/henryb/PyEuclid/tests/test.py", line 266, in test_geometry3k
    engine.run()
  File "/h/99/henryb/PyEuclid/pyeuclid/engine/engine.py", line 12, in run
    self.search()
  File "/h/99/henryb/PyEuclid/pyeuclid/engine/engine.py", line 20, in search
    closure = self.deductive_database.run()
              ^^^^^^^^^^^^^^^^^^^^^^^^^^^^^
  File "/h/99/henryb/PyEuclid/pyeuclid/engine/deductive_database.py", line 372, in run
    inner_applicable = self.get_applicable_theorems(self.inner_theorems)
                       ^^^^^^^^^^^^^^^^^^^^^^^^^^^^^^^^^^^^^^^^^^^^^^^^^
  File "/h/99/henryb/PyEuclid/pyeuclid/engine/deductive_database.py", line 317, in get_applicable_theorems
    self._sync()
  File "/h/99/henryb/PyEuclid/pyeuclid/engine/deductive_database.py", line 65, in _sync
    self.update_equivalence_class(components, table)
  File "/h/99/henryb/PyEuclid/pyeuclid/engine/deductive_database.py", line 110, in update_equivalence_class
    self.cursor.execute(query)
sqlite3.DataError: query string is too large

2782 solved in 2.045546054840088 seconds
2812 solved in 2.5621492862701416 seconds
2842 solved in 16.788750886917114 seconds
2872 solved in 2.2785727977752686 seconds
2902 solved in 4.36930775642395 seconds
2932 unsolved in 8.941048383712769 seconds
2962 solved in 0.026017189025878906 seconds
2992 solved in 105.53902411460876 seconds
.
----------------------------------------------------------------------
Ran 1 test in 4067.267s

OK
2719 solved in 1276.9531354904175 seconds
2749 solved in 10.962437629699707 seconds
2779 solved in 17.924838066101074 seconds
2809 solved in 0.34845423698425293 seconds
2839 solved in 0.36901235580444336 seconds
2869 solved in 7.006962537765503 seconds
2899 solved in 12.406633138656616 seconds
Exception ignored in: <function WeakSet.__init__.<locals>._remove at 0x727e52be2980>
Traceback (most recent call last):
  File "/u/henryb/miniconda3/lib/python3.12/_weakrefset.py", line 39, in _remove
    def _remove(item, selfref=ref(self)):

stopit.utils.TimeoutException: 
Exception ignored in: <function WeakSet.__init__.<locals>._remove at 0x727e52be2980>
Traceback (most recent call last):
  File "/u/henryb/miniconda3/lib/python3.12/_weakrefset.py", line 39, in _remove
    def _remove(item, selfref=ref(self)):

  File "/h/99/henryb/PyEuclid/pyeuclid/formalization/utils.py", line 29, in _handle_timeout
    raise TimeoutException("Operation timed out")
pyeuclid.formalization.utils.TimeoutException: Operation timed out
2929 unsolved in 110.41406512260437 seconds
Exception ignored in: <function WeakSet.__init__.<locals>._remove at 0x727e52be2980>
Traceback (most recent call last):
  File "/u/henryb/miniconda3/lib/python3.12/_weakrefset.py", line 39, in _remove
    def _remove(item, selfref=ref(self)):

stopit.utils.TimeoutException: 
Exception ignored in: <function WeakSet.__init__.<locals>._remove at 0x727e52be2980>
Traceback (most recent call last):
  File "/u/henryb/miniconda3/lib/python3.12/_weakrefset.py", line 39, in _remove
    def _remove(item, selfref=ref(self)):

  File "/h/99/henryb/PyEuclid/pyeuclid/formalization/utils.py", line 29, in _handle_timeout
    raise TimeoutException("Operation timed out")
pyeuclid.formalization.utils.TimeoutException: Operation timed out
2959 solved in 11.619216203689575 seconds
2989 unsolved in 8.320425987243652 seconds
.
----------------------------------------------------------------------
Ran 1 test in 4776.526s

OK
2768 error query string is too large
Traceback (most recent call last):
  File "/h/99/henryb/PyEuclid/tests/test.py", line 270, in test_geometry3k
    raise e
  File "/h/99/henryb/PyEuclid/tests/test.py", line 266, in test_geometry3k
    engine.run()
  File "/h/99/henryb/PyEuclid/pyeuclid/engine/engine.py", line 12, in run
    self.search()
  File "/h/99/henryb/PyEuclid/pyeuclid/engine/engine.py", line 20, in search
    closure = self.deductive_database.run()
              ^^^^^^^^^^^^^^^^^^^^^^^^^^^^^
  File "/h/99/henryb/PyEuclid/pyeuclid/engine/deductive_database.py", line 372, in run
    inner_applicable = self.get_applicable_theorems(self.inner_theorems)
                       ^^^^^^^^^^^^^^^^^^^^^^^^^^^^^^^^^^^^^^^^^^^^^^^^^
  File "/h/99/henryb/PyEuclid/pyeuclid/engine/deductive_database.py", line 317, in get_applicable_theorems
    self._sync()
  File "/h/99/henryb/PyEuclid/pyeuclid/engine/deductive_database.py", line 65, in _sync
    self.update_equivalence_class(components, table)
  File "/h/99/henryb/PyEuclid/pyeuclid/engine/deductive_database.py", line 110, in update_equivalence_class
    self.cursor.execute(query)
sqlite3.DataError: query string is too large

2798 unsolved in 16.411362886428833 seconds
2828 solved in 6.43784499168396 seconds
2858 solved in 3.3205604553222656 seconds
Exception ignored in: <function WeakSet.__init__.<locals>._remove at 0x796cec2b6980>
Traceback (most recent call last):
  File "/u/henryb/miniconda3/lib/python3.12/_weakrefset.py", line 39, in _remove
    def _remove(item, selfref=ref(self)):

stopit.utils.TimeoutException: 
2888 solved in 70.13763093948364 seconds
2918 unsolved in 6.385595321655273 seconds
2948 solved in 4.687434911727905 seconds
2978 solved in 6.592864990234375 seconds
.
----------------------------------------------------------------------
Ran 1 test in 5090.267s

OK
2990 error query string is too large
Traceback (most recent call last):
  File "/h/99/henryb/PyEuclid/tests/test.py", line 270, in test_geometry3k
    raise e
  File "/h/99/henryb/PyEuclid/tests/test.py", line 266, in test_geometry3k
    engine.run()
  File "/h/99/henryb/PyEuclid/pyeuclid/engine/engine.py", line 12, in run
    self.search()
  File "/h/99/henryb/PyEuclid/pyeuclid/engine/engine.py", line 20, in search
    closure = self.deductive_database.run()
              ^^^^^^^^^^^^^^^^^^^^^^^^^^^^^
  File "/h/99/henryb/PyEuclid/pyeuclid/engine/deductive_database.py", line 372, in run
    inner_applicable = self.get_applicable_theorems(self.inner_theorems)
                       ^^^^^^^^^^^^^^^^^^^^^^^^^^^^^^^^^^^^^^^^^^^^^^^^^
  File "/h/99/henryb/PyEuclid/pyeuclid/engine/deductive_database.py", line 317, in get_applicable_theorems
    self._sync()
  File "/h/99/henryb/PyEuclid/pyeuclid/engine/deductive_database.py", line 65, in _sync
    self.update_equivalence_class(components, table)
  File "/h/99/henryb/PyEuclid/pyeuclid/engine/deductive_database.py", line 110, in update_equivalence_class
    self.cursor.execute(query)
sqlite3.DataError: query string is too large

.
----------------------------------------------------------------------
Ran 1 test in 6315.167s

OK
2912 error query string is too large
Traceback (most recent call last):
  File "/h/99/henryb/PyEuclid/tests/test.py", line 270, in test_geometry3k
    raise e
  File "/h/99/henryb/PyEuclid/tests/test.py", line 266, in test_geometry3k
    engine.run()
  File "/h/99/henryb/PyEuclid/pyeuclid/engine/engine.py", line 12, in run
    self.search()
  File "/h/99/henryb/PyEuclid/pyeuclid/engine/engine.py", line 20, in search
    closure = self.deductive_database.run()
              ^^^^^^^^^^^^^^^^^^^^^^^^^^^^^
  File "/h/99/henryb/PyEuclid/pyeuclid/engine/deductive_database.py", line 372, in run
    inner_applicable = self.get_applicable_theorems(self.inner_theorems)
                       ^^^^^^^^^^^^^^^^^^^^^^^^^^^^^^^^^^^^^^^^^^^^^^^^^
  File "/h/99/henryb/PyEuclid/pyeuclid/engine/deductive_database.py", line 317, in get_applicable_theorems
    self._sync()
  File "/h/99/henryb/PyEuclid/pyeuclid/engine/deductive_database.py", line 65, in _sync
    self.update_equivalence_class(components, table)
  File "/h/99/henryb/PyEuclid/pyeuclid/engine/deductive_database.py", line 110, in update_equivalence_class
    self.cursor.execute(query)
sqlite3.DataError: query string is too large

2942 solved in 0.47691869735717773 seconds
2972 error Centroid.__init__() takes 5 positional arguments but 8 were given
Traceback (most recent call last):
  File "/h/99/henryb/PyEuclid/tests/test.py", line 246, in test_geometry3k
    exec(file.read(), namespace)
  File "<string>", line 7, in <module>
TypeError: Centroid.__init__() takes 5 positional arguments but 8 were given

.
----------------------------------------------------------------------
Ran 1 test in 6695.003s

OK
[2025-08-26T01:27:28.994] error: *** JOB 2024 ON cpunode6 CANCELLED AT 2025-08-26T01:27:28 DUE TO TIME LIMIT ***
